;;;Krafträder;;;;;Personenkraftwagen ;;;;;;;;;;;;"Kraftomni-
busse";Lastkraftwagen ;;;;;;;;;Zugmaschinen;;;;"Sonstige
Kfz";"Nutzfahr-
zeuge
insgesamt
";Kraftfahrzeuge;;"Kraftfahrzeug-
anhänger"
Land;Regierungsbezirk;Statistische Kennziffer und Zulassungsbezirk;insgesamt;"davon 
zweirädrige 
Kfz";"davon 
dreirädrige 
Kfz";"davon 
leichte 
vierrädrige Kfz";"darunter 
Halterinnen";insgesamt;"Hubraum
bis 
1.399 cm³";"1.400
bis
1.999 cm³";"2.000
und
mehr cm³";"unbe-
kannt";"und zwar 
mit
offenem
Aufbau";"und zwar 
mit
Allrad-
antrieb";"und zwar Wohn-
mobile";"und zwar 
Kranken-
wagen,
Notarzt-
einsatzfz.";"und zwar 
gewerbliche
Halterinnen
und Halter";"und zwar
Halterinnen";"PKW-Dichte
je 1.000 
Einwohner";;insgesamt;"mit zulässiger Gesamtmasse
bis 2.800 kg";"2.801
bis
3.500 kg";"3.501
bis
5.000 kg";"5.001
bis
7.500 kg";"7.501
bis
12.000 kg";"12.001
bis
20.000 kg";"20.001
und
mehr kg";"unbe-
kannt";insgesamt;"davon
Sattelzug-
maschinen";"davon
land-/forst-
wirtschaft-
liche Zug-
maschinen";"davon
sonstige Zug-
maschinen";;;insgesamt;"Kfz-Dichte
je 1.000 
Einwohner";
BADEN-WÜRTTEMBERG;RB STUTTGART;08111 STUTTGART,STADT;28.067;27.338;529;200;3.696;299.937;94.214;139.436;51.179;15.108;18.608;53.235;4.388;124;76.672;82.602;474;394;18.124;6.812;8.667;397;793;341;384;722;8;3.067;761;1.877;429;2.376;23.961;351.965;556;19.565
;;08115 BOEBLINGEN;26.360;25.722;373;265;3.522;264.362;85.675;119.313;45.454;13.920;15.139;46.184;4.771;72;43.778;81.452;663;354;12.915;4.126;6.809;188;702;242;362;481;5;7.877;490;5.256;2.131;939;22.085;312.807;785;31.144
;;08116 ESSLINGEN;39.982;39.118;526;338;6.098;345.023;120.669;159.571;50.873;13.910;19.396;49.825;6.582;112;47.571;114.460;639;351;20.460;6.840;10.178;273;1.152;467;635;906;9;11.539;1.150;6.866;3.523;1.454;33.804;418.809;775;45.830
;;08117 GOEPPINGEN;19.573;19.110;214;249;3.042;170.765;61.205;79.203;25.459;4.898;8.914;25.953;3.339;60;18.319;58.330;652;165;11.184;3.702;5.545;134;582;389;400;427;5;8.538;496;5.772;2.270;709;20.596;210.934;806;26.877
;;08118 LUDWIGSBURG;37.662;36.824;494;344;5.316;339.526;118.745;158.032;51.653;11.096;19.016;47.648;5.853;176;35.394;116.171;616;197;20.887;6.608;10.654;225;1.119;586;543;1.138;14;11.994;1.335;7.860;2.799;1.447;34.525;411.713;747;42.942
;;08119 REMS-MURR-KREIS;31.479;30.745;382;352;4.629;273.326;96.758;125.582;42.156;8.830;15.828;39.411;5.175;93;29.929;92.980;632;381;18.225;6.044;9.376;286;1.033;389;413;676;8;13.600;746;10.182;2.672;1.167;33.373;338.178;782;41.832
;;08121 HEILBRONN,STADT;5.364;5.220;74;70;738;69.749;23.159;33.820;10.958;1.812;3.197;10.360;783;123;10.457;22.231;543;111;5.299;1.571;2.718;58;313;119;184;333;3;2.087;1.001;876;210;384;7.881;82.994;647;7.607
;;08125 HEILBRONN;26.732;25.999;333;400;3.612;255.222;80.049;128.615;38.369;8.189;12.722;44.960;4.165;16;42.827;80.478;722;248;15.143;4.768;7.910;170;911;291;371;715;7;15.724;1.232;11.259;3.233;1.130;32.245;314.199;889;42.326
;;08126 HOHENLOHEKREIS;10.170;9.858;118;194;1.256;87.376;23.522;48.051;12.671;3.132;3.839;12.663;1.328;24;15.352;26.503;759;125;5.115;1.423;2.785;54;284;92;182;295;-;9.992;547;7.074;2.371;530;15.762;113.308;985;17.216
;;08127 SCHWAEBISCH-HALL;16.005;15.521;149;335;2.162;136.616;40.770;70.093;21.724;4.029;6.722;20.448;2.441;46;13.977;44.708;674;561;9.489;2.757;4.958;144;503;208;263;649;7;16.191;651;11.683;3.857;792;27.033;179.654;886;30.836
;;08128 MAIN-TAUBER-KREIS;10.978;10.539;110;329;1.487;92.508;28.705;48.802;12.807;2.194;3.933;12.442;1.455;35;8.554;30.669;687;97;5.898;2.232;2.723;63;319;69;197;294;1;12.352;209;9.314;2.829;554;18.901;122.387;908;19.159
;;08135 HEIDENHEIM;9.928;9.684;94;150;1.395;87.464;29.441;42.610;13.494;1.919;4.000;13.709;1.783;32;7.714;29.753;648;94;4.795;1.446;2.515;51;241;103;114;322;3;5.146;395;3.542;1.209;500;10.535;107.927;799;16.602
;;08136 OSTALBKREIS;25.356;24.713;274;369;3.643;212.240;71.798;102.961;31.772;5.709;10.152;34.855;4.328;98;22.133;70.698;664;319;12.800;3.758;6.680;127;746;267;341;876;5;16.909;995;12.137;3.777;1.115;31.143;268.739;841;41.023
;RB ZUSAMMEN;;287.656;280.391;3.670;3.595;40.596;2.634.114;874.710;1.256.089;408.569;94.746;141.466;411.693;46.391;1.011;372.677;851.035;626;3.397;160.334;52.087;81.518;2.170;8.698;3.563;4.389;7.834;75;135.016;10.008;93.698;31.310;13.097;311.844;3.233.614;769;382.959
;RB KARLSRUHE;08211 BADEN-BADEN,STADT;3.423;3.350;48;25;467;36.190;11.201;16.972;6.696;1.321;2.528;6.528;557;16;6.734;12.111;635;65;2.724;1.076;1.282;22;99;65;88;90;2;1.006;186;510;310;194;3.989;43.602;765;4.294
;;08212 KARLSRUHE,STADT;13.120;12.796;215;109;1.793;141.341;47.424;67.422;20.966;5.529;7.042;18.728;2.952;52;28.371;44.856;458;455;10.343;3.865;5.078;95;477;150;236;438;4;1.545;475;832;238;1.176;13.519;167.980;544;14.249
;;08215 KARLSRUHE;30.871;30.032;469;370;4.338;288.435;99.344;137.099;42.948;9.044;15.192;38.413;5.290;94;28.174;103.268;634;177;18.738;6.298;9.381;207;1.223;408;464;749;8;12.277;1.530;7.163;3.584;1.434;32.626;351.932;774;53.053
;;08216 RASTATT;17.987;17.495;297;195;2.492;154.629;53.821;72.014;23.853;4.941;8.083;21.889;2.844;63;13.503;53.174;658;98;9.060;3.252;4.505;93;481;95;275;356;3;7.309;702;4.219;2.388;666;17.133;189.749;808;29.914
;;08221 HEIDELBERG,STADT;5.107;4.972;77;58;678;61.217;19.469;29.896;9.767;2.085;4.001;9.019;1.336;56;11.390;21.058;377;92;3.860;1.617;1.838;47;185;51;49;72;1;713;62;557;94;400;5.065;71.389;440;4.556
;;08222 MANNHEIM,STADT;13.088;12.631;288;169;1.650;157.809;52.326;77.325;23.314;4.844;7.675;20.638;1.827;118;30.749;49.463;500;157;13.649;4.753;6.851;111;841;237;366;485;5;1.412;673;617;122;1.253;16.471;187.368;594;12.911
;;08225 NECKAR-ODENWALD-KREIS;10.839;10.375;117;347;1.433;97.723;33.363;48.734;13.157;2.469;4.375;15.239;1.657;45;8.719;33.043;672;97;6.091;1.900;3.192;58;315;108;172;338;8;8.834;245;6.676;1.913;579;15.601;124.163;853;23.212
;;08226 RHEIN-NECKAR-KREIS;35.260;34.385;454;421;5.008;361.144;123.927;172.580;51.260;13.377;20.903;49.355;6.011;35;50.459;128.325;650;203;21.165;7.453;10.914;179;1.136;333;421;716;13;10.397;894;7.014;2.489;1.622;33.387;429.791;774;43.733
;;08231 PFORZHEIM,STADT;5.012;4.837;96;79;659;63.835;21.918;30.041;9.996;1.880;3.177;9.302;736;54;8.681;20.104;499;82;3.761;1.292;1.960;39;192;79;57;140;2;613;76;433;104;315;4.771;73.618;576;6.118
;;08235 CALW;12.388;12.030;154;204;1.850;110.383;37.134;52.128;16.644;4.477;5.329;16.664;2.194;47;11.973;36.362;678;203;7.931;2.231;3.885;77;803;284;245;399;7;7.504;502;4.573;2.429;688;16.326;139.097;854;22.794
;;08236 ENZKREIS;16.847;16.443;198;206;2.397;137.283;48.293;63.180;21.357;4.453;7.876;19.497;2.777;1;13.111;48.394;678;112;7.922;2.839;3.934;60;433;92;178;382;4;6.677;667;4.013;1.997;512;15.223;169.353;836;27.302
;;08237 FREUDENSTADT;9.590;9.299;106;185;1.245;80.993;26.823;40.284;11.651;2.235;3.796;15.891;1.524;35;8.724;25.794;668;202;4.974;1.422;2.588;57;330;97;137;341;2;7.052;264;4.560;2.228;491;12.719;103.302;853;17.305
;RB ZUSAMMEN;;173.532;168.645;2.519;2.368;24.010;1.690.982;575.043;807.675;251.609;56.655;89.977;241.163;29.705;616;220.588;575.952;594;1.943;110.218;37.998;55.408;1.045;6.515;1.999;2.688;4.506;59;65.339;6.276;41.167;17.896;9.330;186.830;2.051.344;720;259.441
;RB FREIBURG;08311 FREIBURG I.BREISG.STADT;9.112;8.903;139;70;1.300;95.274;31.163;46.115;14.698;3.298;4.634;12.272;3.561;109;17.274;31.748;403;378;7.163;2.706;3.573;101;345;96;179;162;1;1.483;120;1.119;244;510;9.534;113.920;482;8.249
;;08315 BREISGAU-HOCHSCHWARZWALD;18.213;17.650;289;274;2.460;164.411;56.677;78.049;24.201;5.484;8.633;25.751;4.629;34;15.624;57.843;609;190;12.312;4.407;6.256;104;504;160;311;565;5;13.902;572;10.414;2.916;1.410;27.814;210.438;780;30.525
;;08316 EMMENDINGEN;12.306;11.964;176;166;1.610;105.488;37.386;50.507;14.476;3.119;5.103;14.132;2.622;40;9.575;37.638;617;102;7.606;2.584;3.838;52;366;173;229;362;2;8.783;382;6.200;2.201;680;17.171;134.965;789;19.948
;;08317 ORTENAUKREIS;31.763;30.841;433;489;4.274;282.762;100.397;135.823;38.327;8.215;12.940;40.266;5.613;106;29.674;98.352;640;559;20.253;6.592;10.277;211;1.112;292;554;1.207;8;22.021;2.008;15.302;4.711;1.672;44.505;359.030;812;59.069
;;08325 ROTTWEIL;11.757;11.398;153;206;1.584;97.511;33.751;47.163;13.990;2.607;4.819;17.835;2.146;36;10.773;32.520;684;85;6.245;1.797;3.371;58;318;107;177;414;3;9.063;417;6.027;2.619;661;16.054;125.322;879;21.841
;;08326 SCHWARZWALD-BAAR-KREIS;14.878;14.552;148;178;1.997;136.007;49.027;64.108;19.236;3.636;6.408;26.547;2.743;67;14.721;46.634;626;200;8.811;2.769;4.616;128;427;175;258;432;6;8.151;379;5.808;1.964;691;17.853;168.738;777;22.759
;;08327 TUTTLINGEN;10.627;10.295;152;180;1.367;93.168;31.250;45.194;14.061;2.663;4.554;18.277;1.907;32;11.578;29.243;643;110;5.494;1.701;2.857;56;262;139;152;324;3;7.010;334;4.409;2.267;426;13.040;116.835;806;18.836
;;08335 KONSTANZ;22.068;21.444;310;314;3.369;165.851;58.335;76.254;25.827;5.435;9.714;24.882;4.498;73;16.394;59.668;567;200;10.239;3.861;4.926;123;481;166;272;405;5;8.327;353;5.950;2.024;898;19.664;207.583;710;28.086
;;08336 LOERRACH;16.641;16.134;298;209;2.258;139.842;47.526;66.803;20.943;4.570;7.229;23.873;3.263;43;11.080;50.117;600;78;8.776;3.113;4.601;129;390;90;160;290;3;8.307;146;6.018;2.143;699;17.860;174.343;748;21.126
;;08337 WALDSHUT;12.843;12.468;167;208;1.611;111.643;38.501;53.664;15.803;3.675;5.264;21.998;2.303;58;9.438;38.185;644;140;7.667;2.305;4.141;58;387;121;158;491;6;10.704;397;7.733;2.574;771;19.282;143.768;829;22.501
;RB ZUSAMMEN;;160.208;155.649;2.265;2.294;21.830;1.391.957;484.013;663.680;201.562;42.702;69.298;225.833;33.285;598;146.131;481.948;599;2.042;94.566;31.835;48.456;1.020;4.592;1.519;2.450;4.652;42;97.751;5.108;68.980;23.663;8.418;202.777;1.754.942;756;252.940
;RB TUEBINGEN;08415 REUTLINGEN;21.059;20.579;240;240;3.084;185.014;66.179;86.363;27.113;5.359;9.129;29.339;3.961;84;20.399;64.562;634;249;11.602;3.570;6.104;121;653;298;301;551;4;12.826;566;8.772;3.488;912;25.589;231.662;794;35.992
;;08416 TUEBINGEN;14.563;14.264;157;142;2.188;129.886;45.833;61.539;18.335;4.179;6.261;17.467;3.165;60;15.109;45.775;558;245;7.225;2.491;3.698;97;375;72;153;334;5;6.950;199;4.301;2.450;598;15.018;159.467;685;23.158
;;08417 ZOLLERNALBKREIS;14.974;14.537;191;246;2.218;131.947;47.352;62.709;18.524;3.362;7.035;22.493;2.547;53;12.736;46.231;683;133;8.649;2.804;4.331;81;489;129;236;576;3;11.001;537;6.999;3.465;852;20.635;167.556;867;29.070
;;08421 ULM,STADT;6.378;6.263;57;58;945;68.016;22.497;33.060;9.942;2.517;3.217;10.174;1.334;85;13.305;20.901;528;475;5.073;1.494;2.535;51;299;125;276;291;2;1.693;508;899;286;504;7.745;82.139;637;9.236
;;08425 ALB-DONAU-KREIS;17.477;16.877;246;354;2.634;134.211;45.877;64.108;20.045;4.181;6.964;20.725;2.683;11;10.884;44.756;663;387;8.364;2.492;4.551;94;429;149;185;463;1;14.726;690;10.303;3.733;978;24.455;176.143;870;30.950
;;08426 BIBERACH;17.521;16.980;204;337;2.425;137.887;43.854;67.273;22.389;4.371;6.468;21.440;2.847;41;12.402;45.617;668;170;10.686;2.802;6.110;111;455;138;339;724;7;16.146;984;11.424;3.738;989;27.991;183.399;888;35.372
;;08435 BODENSEEKREIS;22.022;21.496;284;242;3.406;143.230;48.483;65.874;24.332;4.541;8.721;23.101;3.933;22;14.681;49.675;643;204;8.717;3.014;4.718;98;387;95;133;268;4;10.022;201;8.214;1.607;714;19.657;184.909;830;22.555
;;08436 RAVENSBURG;26.147;25.343;348;456;3.743;187.483;65.275;87.117;29.120;5.971;8.837;30.296;5.406;91;19.510;63.166;644;239;13.985;4.103;7.661;133;544;185;452;898;9;18.480;978;14.260;3.242;1.132;33.836;247.466;851;40.194
;;08437 SIGMARINGEN;11.724;11.370;134;220;1.686;90.113;31.581;43.172;13.030;2.330;4.166;13.921;1.882;32;8.387;30.171;672;144;5.922;1.829;3.185;51;328;74;136;317;2;10.676;423;7.534;2.719;689;17.431;119.268;890;23.234
;RB ZUSAMMEN;;151.865;147.709;1.861;2.295;22.329;1.207.787;416.931;571.215;182.830;36.811;60.798;188.956;27.758;479;127.413;410.854;635;2.246;80.223;24.599;42.893;837;3.959;1.265;2.211;4.422;37;102.520;5.086;72.706;24.728;7.368;192.357;1.552.009;815;249.761
BADEN-WÜRTTEMBERG INSGESAMT;;;773.261;752.394;10.315;10.552;108.765;6.924.840;2.350.697;3.298.659;1.044.570;230.914;361.539;1.067.645;137.139;2.704;866.809;2.319.789;614;9.628;445.341;146.519;228.275;5.072;23.764;8.346;11.738;21.414;213;400.626;26.478;276.551;97.597;38.213;893.808;8.591.909;762;1.145.101
BAYERN;RB OBERBAYERN;09161 INGOLSTADT,STADT;8.944;8.754;120;70;1.123;103.495;29.491;52.663;15.271;6.070;4.193;27.545;1.438;44;37.367;22.628;734;296;4.075;1.406;2.127;34;182;72;79;171;4;1.615;165;1.180;270;676;6.662;119.101;845;9.490
;;09162 MUENCHEN,STADT;70.708;69.182;1.108;418;9.563;763.673;197.416;400.784;130.888;34.585;44.248;166.912;14.593;274;242.366;196.604;505;1.515;46.486;14.525;27.273;249;1.989;552;655;1.226;17;4.774;673;3.602;499;5.464;58.239;892.620;590;43.234
;;09163 ROSENHEIM,STADT;3.941;3.835;59;47;533;36.289;12.154;17.184;5.945;1.006;1.524;6.562;883;41;5.817;12.098;563;33;2.726;912;1.428;37;95;47;78;128;1;684;26;538;120;473;3.916;44.146;685;4.044
;;09171 ALTOETTING;9.961;9.612;123;226;1.364;74.426;23.955;37.254;10.972;2.245;3.511;11.724;1.596;40;6.284;25.406;654;122;4.849;1.692;2.503;24;186;61;107;274;2;6.337;238;5.089;1.010;591;11.899;96.286;846;15.923
;;09172 BERCHTESGADENER LAND;9.160;8.917;92;151;1.170;67.609;24.958;31.599;9.350;1.702;2.533;15.824;1.785;25;6.794;22.912;628;110;4.272;1.487;2.193;59;156;110;107;160;-;5.165;100;3.927;1.138;502;10.049;86.818;806;11.152
;;09173 BAD TOELZ-WOLFRATSHAUSEN;11.573;11.257;143;173;1.635;82.512;27.363;39.098;13.680;2.371;4.058;18.852;2.598;25;8.432;29.523;637;33;6.567;2.108;3.678;37;227;84;132;299;2;7.088;130;5.487;1.471;646;14.334;108.419;837;15.033
;;09174 DACHAU;14.129;13.697;215;217;2.037;95.878;31.227;46.293;15.472;2.886;5.301;15.663;2.230;27;8.921;32.463;611;158;7.357;2.268;3.926;60;331;188;184;395;5;6.551;428;5.006;1.117;623;14.689;124.696;794;17.128
;;09175 EBERSBERG;11.326;10.993;184;149;1.532;88.495;27.797;42.940;14.458;3.300;5.120;16.480;2.124;15;9.533;30.438;603;223;5.979;1.900;3.136;53;246;125;165;352;2;5.983;358;4.883;742;504;12.689;112.510;766;12.894
;;09176 EICHSTAETT;13.361;12.839;203;319;1.611;88.194;28.951;44.727;11.893;2.623;3.776;15.560;1.869;26;5.464;26.170;650;122;5.074;1.646;2.603;50;238;101;160;273;3;10.606;382;8.264;1.960;581;16.383;117.938;870;21.476
;;09177 ERDING;12.712;12.222;157;333;1.672;92.652;29.513;46.401;13.979;2.759;4.591;15.229;1.695;23;7.447;31.507;654;202;6.678;2.117;3.346;57;284;114;278;480;2;10.598;373;8.041;2.184;791;18.269;123.633;873;17.886
;;09178 FREISING;15.379;14.870;256;253;2.206;113.161;34.611;56.789;18.086;3.675;5.760;18.197;2.240;40;12.199;36.885;614;199;9.024;2.896;4.609;67;433;278;241;496;4;9.538;588;7.295;1.655;879;19.640;148.180;803;18.939
;;09179 FUERSTENFELDBRUCK;16.079;15.677;247;155;2.428;126.660;42.308;60.350;20.084;3.918;6.894;20.011;3.928;26;11.813;44.159;572;149;8.737;3.007;4.554;70;389;158;252;297;10;4.798;161;3.522;1.115;705;14.389;157.128;709;18.831
;;09180 GARMISCH-PARTENKIRCHEN;8.307;8.130;67;110;1.150;53.429;18.829;24.984;8.202;1.414;2.277;13.320;2.238;37;6.101;19.715;601;44;4.254;1.505;2.360;29;119;31;68;141;1;5.041;50;4.305;686;396;9.735;71.471;804;9.668
;;09181 LANDSBERG AM LECH;12.591;12.188;189;214;1.790;85.772;27.126;41.478;13.466;3.702;4.823;13.780;2.660;18;9.440;29.477;697;107;5.185;1.673;2.847;60;172;79;101;251;2;8.100;244;6.051;1.805;501;13.893;112.256;912;18.026
;;09182 MIESBACH;9.963;9.689;95;179;1.388;68.000;21.166;32.396;12.210;2.228;4.348;19.824;1.981;24;8.051;24.248;671;59;5.426;1.891;2.814;49;191;63;142;273;3;5.296;156;4.404;736;502;11.283;89.246;881;11.554
;;09183 MUEHLDORF A.INN;10.662;10.076;154;432;1.456;78.287;25.142;38.854;11.967;2.324;3.454;12.574;1.588;30;6.674;26.243;653;135;5.789;1.905;3.075;47;201;101;146;313;1;9.606;307;8.133;1.166;624;16.154;105.103;877;18.662
;;09184 MUENCHEN;24.592;24.053;370;169;3.507;245.839;64.294;121.106;46.008;14.431;15.517;58.246;4.659;29;71.067;67.820;691;394;20.219;6.841;10.445;292;881;325;564;863;8;5.212;580;4.036;596;2.138;27.963;298.394;838;22.547
;;09185 NEUBURG-SCHROBENHAUSEN;10.156;9.667;219;270;1.406;67.866;21.152;34.737;10.346;1.631;3.084;10.943;1.262;17;5.757;21.635;679;111;4.915;1.497;2.558;66;229;91;156;315;3;8.198;428;6.350;1.420;511;13.735;91.757;918;17.596
;;09186 PFAFFENHOFEN A.D.ILM;13.345;12.845;211;289;1.858;87.404;26.101;44.505;13.981;2.817;4.339;15.039;1.671;26;6.758;28.459;662;47;6.057;1.613;3.408;55;258;130;169;421;3;9.705;603;7.595;1.507;528;16.337;117.086;886;19.957
;;09187 ROSENHEIM;25.011;24.201;384;426;3.509;178.010;59.925;84.417;27.815;5.853;8.814;34.502;5.239;24;18.310;63.261;667;222;13.488;4.493;7.268;100;537;223;316;550;1;16.644;1.004;13.024;2.616;1.063;31.417;234.438;878;35.892
;;09188 STARNBERG;11.177;10.917;146;114;1.531;89.870;26.242;41.675;17.914;4.039;7.776;20.532;2.418;26;12.137;31.718;648;71;5.518;1.920;3.004;42;175;44;124;207;2;3.583;148;2.679;756;531;9.703;110.750;798;13.676
;;09189 TRAUNSTEIN;16.320;15.814;166;340;2.148;121.906;40.787;59.353;17.851;3.915;5.605;22.834;3.508;48;10.287;42.005;674;189;8.684;2.817;4.390;53;342;155;252;672;3;14.603;848;11.364;2.391;1.045;24.521;162.747;900;27.094
;;09190 WEILHEIM-SCHONGAU;13.434;13.000;188;246;1.836;91.322;31.116;43.305;14.008;2.893;4.128;16.542;3.405;30;7.659;32.257;661;90;6.362;2.174;3.399;51;255;69;115;297;2;10.923;173;8.382;2.368;538;17.913;122.669;888;19.492
;RB ZUSAMMEN;;352.831;342.435;5.096;5.300;48.453;2.900.749;871.624;1.442.892;473.846;112.387;155.674;586.695;67.608;915;524.678;897.631;604;4.631;197.721;64.293;106.944;1.641;8.116;3.201;4.591;8.854;81;170.648;8.163;133.157;29.328;20.812;393.812;3.647.392;760;420.194
;RB NIEDERBAYERN;09261 LANDSHUT,STADT;4.229;4.139;47;43;597;39.345;12.618;19.435;6.029;1.263;1.847;6.287;745;30;4.761;13.403;521;84;2.199;687;1.155;30;83;69;72;102;1;795;48;632;115;193;3.271;46.845;621;4.147
;;09262 PASSAU,STADT;3.496;3.399;62;35;483;30.264;9.756;15.242;4.271;995;1.279;5.640;496;55;5.411;9.775;561;77;2.576;712;1.291;18;105;50;62;338;-;906;140;658;108;286;3.845;37.605;698;4.842
;;09263 STRAUBING,STADT;2.535;2.422;60;53;343;28.254;9.502;13.776;4.233;743;1.250;4.445;376;16;4.186;9.165;575;52;2.233;814;1.031;22;121;61;61;123;-;715;91;556;68;478;3.478;34.267;697;3.860
;;09271 DEGGENDORF;11.176;10.559;133;484;1.610;81.987;25.907;42.378;11.376;2.326;3.175;15.376;1.102;31;8.749;27.128;671;172;6.804;2.057;3.618;31;311;113;226;443;5;10.341;352;8.409;1.580;682;17.999;111.162;910;19.872
;;09272 FREYUNG-GRAFENAU;10.091;9.403;94;594;1.241;54.766;17.889;28.573;7.074;1.230;1.731;15.902;841;66;4.545;17.500;691;146;4.020;1.303;2.077;23;164;120;128;205;-;11.529;171;9.104;2.254;450;16.145;81.002;1.022;14.295
;;09273 KELHEIM;12.047;11.495;196;356;1.641;84.222;25.967;43.227;12.673;2.355;3.761;13.603;1.266;32;6.460;26.960;670;236;5.943;1.759;3.333;36;273;91;147;300;4;10.259;433;8.302;1.524;562;17.000;113.269;901;18.868
;;09274 LANDSHUT;16.128;15.304;264;560;2.111;114.285;33.384;59.167;17.822;3.912;5.041;19.481;2.141;12;9.605;37.195;694;182;8.815;2.568;4.763;106;481;212;226;456;3;14.877;457;12.335;2.085;875;24.749;155.162;942;27.958
;;09275 PASSAU;20.791;19.767;243;781;2.604;134.174;44.248;67.529;18.408;3.989;5.089;27.198;1.968;1;10.694;45.390;681;340;9.357;3.093;4.655;65;484;185;310;562;3;20.108;811;15.514;3.783;927;30.732;185.697;943;35.530
;;09276 REGEN;7.947;7.394;82;471;951;51.663;17.018;26.780;6.682;1.183;1.570;14.715;732;17;4.493;16.822;662;90;3.859;1.255;2.108;24;142;50;80;197;3;9.911;99;8.186;1.626;413;14.273;73.883;947;13.480
;;09277 ROTTAL-INN;12.731;11.886;153;692;1.608;86.780;26.781;45.000;12.686;2.313;3.813;14.257;1.487;28;9.507;27.927;697;205;7.520;2.463;3.835;66;439;120;183;406;8;16.614;345;14.297;1.972;871;25.210;124.721;1.002;24.918
;;09278 STRAUBING-BOGEN;10.280;9.552;135;593;1.321;71.999;22.979;36.795;10.253;1.972;3.074;12.701;1.010;121;4.360;23.506;694;118;5.200;1.676;2.769;37;238;107;119;251;3;13.738;342;10.973;2.423;549;19.605;101.884;981;20.150
;;09279 DINGOLFING-LANDAU;9.503;8.950;194;359;1.250;73.005;18.161;40.596;12.070;2.178;3.507;12.687;1.126;22;9.487;20.824;728;155;4.480;1.512;2.274;23;208;87;122;251;3;10.053;667;7.956;1.430;480;15.168;97.676;974;19.197
;RB ZUSAMMEN;;120.954;114.270;1.663;5.021;15.760;850.744;264.210;438.498;123.577;24.459;35.137;162.292;13.290;431;82.258;275.595;668;1.857;63.006;19.899;32.909;481;3.049;1.265;1.736;3.634;33;119.846;3.956;96.922;18.968;6.766;191.475;1.163.173;913;207.117
;RB OBERPFALZ;09361 AMBERG,STADT;2.298;2.228;34;36;298;25.301;9.068;12.198;3.215;820;1.041;3.528;389;29;3.170;8.740;595;45;1.641;588;795;14;80;29;58;76;1;680;131;456;93;147;2.513;30.112;708;3.343
;;09362 REGENSBURG,STADT;7.632;7.427;109;96;1.074;83.290;27.055;41.705;11.514;3.016;3.599;14.102;1.426;86;19.284;25.696;529;387;6.069;1.942;3.295;64;295;89;126;256;2;1.522;598;848;76;986;8.964;99.886;634;8.164
;;09363 WEIDEN I.D.OPF.,STADT;2.631;2.524;41;66;411;26.470;9.634;12.761;3.425;650;1.018;3.784;392;37;3.854;9.035;615;40;1.987;733;916;19;137;29;58;92;3;716;97;507;112;181;2.924;32.025;744;3.751
;;09371 AMBERG-SULZBACH;10.231;9.742;94;395;1.289;72.089;25.104;35.855;8.948;2.182;2.702;10.896;1.243;2;4.951;24.449;690;229;4.478;1.450;2.381;46;233;57;89;221;1;10.846;232;8.234;2.380;445;15.998;98.318;941;17.264
;;09372 CHAM;14.999;14.054;143;802;1.849;92.298;30.816;47.260;11.816;2.406;2.885;17.823;984;38;8.434;29.097;709;141;8.221;2.482;4.086;74;403;197;341;634;4;18.854;459;14.676;3.719;877;28.093;135.390;1.040;25.683
;;09373 NEUMARKT I.D.OPF.;13.704;13.107;151;446;1.807;92.867;30.590;47.900;11.729;2.648;3.625;13.609;1.625;26;11.089;28.449;673;214;7.793;2.672;3.923;58;381;131;211;415;2;13.082;510;10.327;2.245;709;21.798;128.369;930;21.511
;;09374 NEUSTADT A.D.WALDNAAB;10.188;9.568;114;506;1.477;66.854;23.561;33.576;8.062;1.655;2.268;9.944;905;1;4.556;21.949;697;66;4.107;1.351;2.044;38;236;64;119;254;1;11.043;296;8.085;2.662;544;15.760;92.802;967;16.789
;;09375 REGENSBURG;19.217;18.455;207;555;2.613;132.561;45.575;64.549;18.321;4.116;5.821;21.381;2.197;2;11.289;44.295;669;263;9.612;3.051;4.977;50;435;277;277;541;4;13.205;875;10.172;2.158;873;23.953;175.731;887;28.351
;;09376 SCHWANDORF;16.612;15.828;250;534;2.182;104.453;34.915;54.045;13.076;2.417;3.733;15.286;1.372;52;9.459;33.437;688;139;7.024;2.242;3.609;56;309;80;160;564;4;14.999;1.155;10.848;2.996;873;23.035;144.100;950;27.451
;;09377 TIRSCHENREUTH;7.719;7.276;65;378;990;49.584;18.669;24.439;5.471;1.005;1.532;7.597;570;29;3.698;16.212;687;101;3.580;1.207;1.822;27;194;32;90;208;-;8.598;444;6.275;1.879;486;12.765;70.068;971;13.332
;RB ZUSAMMEN;;105.231;100.209;1.208;3.814;13.990;745.767;254.987;374.288;95.577;20.915;28.224;117.950;11.103;302;79.784;241.359;658;1.625;54.512;17.718;27.848;446;2.703;985;1.529;3.261;22;93.545;4.797;70.428;18.320;6.121;155.803;1.006.801;888;165.639
;RB OBERFRANKEN;09461 BAMBERG,STADT;4.667;4.569;39;59;680;41.314;14.520;19.955;5.543;1.296;1.820;5.056;861;48;7.862;13.850;517;84;3.403;1.160;1.564;23;211;127;122;194;2;1.049;530;414;105;1.003;5.539;51.520;645;4.994
;;09462 BAYREUTH,STADT;3.642;3.513;65;64;558;41.425;14.800;19.981;5.139;1.505;1.668;5.978;612;41;8.770;13.512;556;74;3.253;1.085;1.591;34;153;64;171;152;3;808;140;549;119;596;4.731;49.798;668;4.226
;;09463 COBURG,STADT;2.588;2.539;19;30;328;25.458;9.124;12.236;3.287;811;1.277;3.546;343;26;4.423;8.542;608;55;1.698;593;893;43;68;17;38;45;1;369;31;264;74;178;2.300;30.346;725;2.740
;;09464 HOF,STADT;2.373;2.306;24;43;338;26.733;10.947;11.627;2.891;1.268;958;3.346;320;35;4.486;8.850;573;59;1.787;601;811;17;86;47;85;138;2;712;161;477;74;270;2.828;31.934;684;3.490
;;09471 BAMBERG;14.650;14.163;150;337;2.164;104.207;35.935;52.122;13.454;2.696;4.355;13.433;2.078;2;6.986;37.027;699;142;7.623;2.272;3.552;58;389;129;132;1.088;3;12.268;494;9.030;2.744;566;20.599;139.456;935;22.553
;;09472 BAYREUTH;10.459;9.826;110;523;1.513;72.700;26.998;35.333;8.602;1.767;2.950;11.666;1.188;3;4.536;25.925;694;204;4.592;1.559;2.249;56;219;77;119;310;3;12.203;223;8.987;2.993;746;17.745;100.904;964;15.891
;;09473 COBURG;7.409;7.149;83;177;1.036;60.287;22.957;28.482;7.214;1.634;2.639;8.132;834;1;4.369;22.098;692;28;3.727;1.239;1.833;57;223;69;114;188;4;5.353;375;3.709;1.269;359;9.467;77.163;886;12.525
;;09474 FORCHHEIM;11.036;10.621;103;312;1.616;79.379;28.102;38.414;10.571;2.292;3.681;11.858;1.695;23;4.845;28.534;673;264;4.735;1.619;2.416;38;256;82;104;219;1;9.382;258;7.161;1.963;484;14.865;105.280;893;14.398
;;09475 HOF;7.786;7.524;77;185;1.087;64.613;25.940;30.118;7.199;1.356;2.525;10.253;864;1;5.393;23.030;683;103;4.635;1.525;2.124;46;170;89;259;422;-;7.177;355;5.321;1.501;659;12.574;84.973;898;15.373
;;09476 KRONACH;6.227;5.926;63;238;743;46.225;18.067;21.990;5.210;958;1.917;8.051;515;19;4.130;16.201;696;60;3.029;950;1.449;59;156;71;126;216;2;5.196;300;3.785;1.111;460;8.745;61.197;922;10.783
;;09477 KULMBACH;6.456;6.210;58;188;986;50.798;18.598;24.623;6.304;1.273;2.226;7.746;776;17;5.287;18.312;709;86;3.686;1.213;1.959;43;149;37;76;208;1;6.009;262;4.314;1.433;339;10.120;67.374;940;11.312
;;09478 LICHTENFELS;6.143;5.932;78;133;842;45.719;16.582;22.327;5.855;955;2.009;6.090;661;14;3.770;16.233;679;69;3.396;1.077;1.681;40;193;90;147;167;1;5.485;199;4.015;1.271;376;9.326;61.188;909;10.097
;;09479 WUNSIEDEL I.FICHTELGEB.;5.975;5.747;71;157;826;47.624;18.990;22.099;5.515;1.020;1.798;7.267;710;23;4.347;17.110;661;80;2.813;1.045;1.406;34;112;28;88;99;1;4.279;127;3.173;979;353;7.525;61.124;849;9.695
;RB ZUSAMMEN;;89.411;86.025;940;2.446;12.717;706.482;261.560;339.307;86.784;18.831;29.823;102.422;11.457;253;69.204;249.224;658;1.308;48.377;15.938;23.528;548;2.385;927;1.581;3.446;24;70.290;3.455;51.199;15.636;6.389;126.364;922.257;859;138.077
;RB MITTELFRANKEN;09561 ANSBACH,STADT;2.592;2.519;38;35;438;25.808;8.521;12.995;3.526;766;1.021;3.420;445;44;4.080;8.652;611;31;1.679;458;892;21;100;48;69;89;2;1.281;92;924;265;183;3.174;31.574;748;3.669
;;09562 ERLANGEN,STADT;5.402;5.279;74;49;789;56.273;19.118;27.224;8.114;1.817;2.465;7.563;1.381;64;7.081;18.817;483;73;3.018;1.281;1.355;34;147;33;60;108;-;871;67;623;181;333;4.295;65.970;566;4.916
;;09563 FUERTH,STADT;6.629;6.422;133;74;928;64.464;23.090;30.365;9.277;1.732;3.157;8.593;1.186;58;7.138;22.780;490;130;4.341;1.502;2.277;33;216;114;85;112;2;851;156;612;83;318;5.640;76.733;584;6.043
;;09564 NUERNBERG,STADT;23.988;23.358;365;265;3.379;249.281;81.718;122.365;37.673;7.525;11.667;36.734;4.385;116;42.004;79.902;477;689;21.002;7.328;10.138;190;1.106;567;657;1.010;6;3.957;1.709;1.920;328;1.550;27.198;300.467;574;23.660
;;09565 SCHWABACH,STADT;2.929;2.860;42;27;455;26.398;9.219;12.526;3.836;817;1.414;3.782;548;1;3.599;9.385;640;27;1.701;507;959;14;71;35;31;82;2;549;55;360;134;134;2.411;31.738;770;3.134
;;09571 ANSBACH;18.087;17.309;262;516;2.656;130.191;42.829;66.549;17.285;3.528;5.271;16.375;2.450;-;9.540;44.142;690;202;9.190;2.931;4.664;82;490;177;241;602;3;23.366;640;17.053;5.673;1.054;33.812;182.090;965;32.571
;;09572 ERLANGEN-HOECHSTADT;10.757;10.420;137;200;1.545;94.494;31.058;45.831;13.603;4.002;4.738;13.730;2.174;4;8.311;33.587;670;171;4.677;1.575;2.416;38;234;80;96;234;4;6.023;401;4.085;1.537;429;11.300;116.551;827;14.914
;;09573 FUERTH;10.089;9.778;129;182;1.519;78.397;28.605;36.123;11.325;2.344;4.378;10.537;1.731;4;4.578;30.027;654;39;5.049;1.728;2.596;45;286;123;120;149;2;3.598;125;2.884;589;342;9.028;97.514;813;11.184
;;09574 NUERNBERGER LAND;14.966;14.567;151;248;2.262;113.067;39.237;54.242;16.051;3.537;5.875;17.162;2.660;36;10.506;40.915;655;69;6.941;2.360;3.603;78;313;109;148;324;6;8.536;362;6.044;2.130;664;16.210;144.243;835;17.987
;;09575 NEUSTADT/AISCH-WINDSHEIM;9.198;8.707;116;375;1.304;70.154;22.175;36.054;9.705;2.220;2.885;9.652;1.384;24;4.951;24.109;679;114;5.134;1.707;2.519;55;309;87;155;300;2;12.572;290;9.483;2.799;535;18.355;97.707;946;17.323
;;09576 ROTH;12.815;12.408;117;290;1.904;89.247;30.331;43.861;12.609;2.446;4.195;12.350;2.004;33;7.901;31.222;693;140;6.756;2.037;3.597;45;348;161;217;345;6;9.787;621;6.878;2.288;658;17.341;119.403;928;18.396
;;09577 WEISSENBURG-GUNZENHAUSEN;8.682;8.281;99;302;1.304;64.716;21.898;32.120;8.864;1.834;2.592;9.345;1.420;26;5.435;21.677;666;159;4.191;1.314;2.198;37;206;55;123;257;1;10.696;308;7.798;2.590;508;15.554;88.952;916;15.790
;RB ZUSAMMEN;;126.134;121.908;1.663;2.563;18.483;1.062.490;357.799;520.255;151.868;32.568;49.658;149.243;21.768;410;115.124;365.215;588;1.844;73.679;24.728;37.214;672;3.826;1.589;2.002;3.612;36;82.087;4.826;58.664;18.597;6.708;164.318;1.352.942;749;169.587
;RB UNTERFRANKEN;09661 ASCHAFFENBURG,STADT;3.767;3.669;53;45;495;44.491;15.151;20.794;6.302;2.244;2.289;6.135;674;53;8.580;14.403;614;106;3.767;1.122;2.043;42;179;77;126;163;15;504;103;274;127;292;4.669;52.927;731;4.304
;;09662 SCHWEINFURT,STADT;2.301;2.236;34;31;318;29.911;9.026;15.410;4.603;872;1.127;4.290;491;39;5.425;9.016;547;49;2.179;765;1.037;19;120;49;58;129;2;396;182;189;25;242;2.866;35.078;642;3.470
;;09663 WUERZBURG,STADT;6.289;6.129;92;68;877;63.812;21.143;31.129;9.329;2.211;3.253;8.607;1.184;69;12.005;20.875;499;105;5.928;1.716;3.023;129;627;128;116;188;1;966;194;660;112;826;7.825;77.926;610;6.634
;;09671 ASCHAFFENBURG;13.262;12.885;182;195;1.752;119.717;40.790;57.843;17.241;3.843;6.708;18.749;2.062;1;10.961;42.032;677;145;9.053;2.917;4.800;90;459;178;217;389;3;6.034;368;4.095;1.571;647;15.879;148.858;841;22.042
;;09672 BAD KISSINGEN;8.742;8.406;76;260;1.198;72.311;23.225;36.495;10.636;1.955;2.865;10.575;1.753;42;5.848;24.650;692;160;5.191;1.491;2.960;49;260;71;114;243;3;8.974;302;6.349;2.323;569;14.894;95.947;918;17.550
;;09673 RHOEN-GRABFELD;7.155;6.751;80;324;1.045;55.739;16.858;29.804;7.477;1.600;1.821;8.691;1.134;26;4.911;18.814;694;117;3.869;1.115;1.985;45;289;109;106;219;1;7.670;121;6.312;1.237;485;12.141;75.035;934;15.574
;;09674 HASSBERGE;7.914;7.505;76;333;1.083;59.955;18.825;31.515;7.944;1.671;2.278;7.888;1.246;20;4.299;20.295;705;120;4.278;1.262;2.183;57;298;78;190;209;1;8.456;345;6.002;2.109;490;13.344;81.213;956;15.192
;;09675 KITZINGEN;8.081;7.725;89;267;1.180;63.397;19.828;32.473;9.127;1.969;2.942;7.904;1.091;27;5.367;21.898;680;198;4.785;1.543;2.366;64;275;85;137;312;3;7.696;511;5.793;1.392;560;13.239;84.717;909;13.956
;;09676 MILTENBERG;9.308;8.927;140;241;1.268;87.898;29.486;44.074;12.225;2.113;4.225;13.022;1.611;34;9.311;30.033;677;120;6.243;1.916;3.333;78;362;144;134;272;4;5.352;186;3.583;1.583;492;12.207;109.413;843;17.696
;;09677 MAIN-SPESSART;11.377;10.886;164;327;1.494;87.297;28.139;44.235;12.620;2.303;3.586;14.053;1.720;36;6.330;29.228;687;270;6.298;1.879;3.275;87;410;113;220;312;2;9.653;287;6.738;2.628;604;16.825;115.499;908;19.841
;;09678 SCHWEINFURT;10.313;9.874;140;299;1.501;79.611;25.261;40.305;11.667;2.378;3.531;10.201;2.045;9;3.559;28.134;680;124;4.592;1.396;2.348;42;251;84;125;345;1;7.748;740;5.192;1.816;578;13.042;102.966;880;19.267
;;09679 WUERZBURG;13.965;13.512;176;277;1.920;108.878;36.903;53.101;15.111;3.763;5.510;14.149;2.267;3;8.102;38.392;659;41;6.899;2.237;3.446;78;328;112;208;490;-;8.470;322;6.465;1.683;621;16.031;138.874;840;19.586
;RB ZUSAMMEN;;102.474;98.505;1.302;2.667;14.131;873.017;284.635;437.178;124.282;26.922;40.135;124.264;17.278;359;84.698;297.770;654;1.555;63.082;19.359;32.799;780;3.858;1.228;1.751;3.271;36;71.919;3.661;51.652;16.606;6.406;142.962;1.118.453;838;175.112
;RB SCHWABEN;09761 AUGSBURG,STADT;13.482;13.133;238;111;1.788;141.382;49.451;67.508;20.937;3.486;6.110;19.581;2.663;73;21.228;45.117;470;353;9.437;3.184;4.894;99;482;194;255;323;6;1.441;246;1.005;190;826;12.057;166.921;554;12.480
;;09762 KAUFBEUREN,STADT;2.782;2.687;63;32;427;26.481;10.344;11.882;3.607;648;1.003;4.010;692;1;2.788;9.003;578;46;1.421;442;762;19;38;29;53;75;3;440;29;341;70;91;1.998;31.261;683;3.587
;;09763 KEMPTEN(ALLGAEU),STADT;4.153;4.040;69;44;566;40.820;14.968;18.997;5.346;1.509;1.507;7.440;1.062;47;7.127;13.006;583;80;2.743;879;1.387;13;108;75;79;202;-;1.032;121;776;135;551;4.406;49.379;705;4.717
;;09764 MEMMINGEN,STADT;2.567;2.491;42;34;371;27.661;9.782;13.225;3.883;771;1.215;4.003;486;16;4.398;8.757;603;11;1.785;484;942;11;115;24;57;151;1;873;151;593;129;160;2.829;33.057;721;3.877
;;09771 AICHACH-FRIEDBERG;14.499;13.981;245;273;2.080;90.196;29.393;43.613;14.304;2.886;4.823;13.564;2.033;19;7.520;30.318;657;164;7.521;2.241;3.891;94;538;179;210;364;4;9.316;338;7.028;1.950;642;17.643;122.338;891;20.906
;;09772 AUGSBURG;23.320;22.565;394;361;3.263;172.291;59.434;80.942;26.647;5.268;9.331;25.645;4.000;45;15.193;60.615;659;275;12.918;3.639;6.722;87;612;368;694;794;2;12.754;816;9.085;2.853;988;26.935;222.546;852;35.575
;;09773 DILLINGEN A.D.DONAU;9.274;8.918;126;230;1.274;68.296;21.783;34.310;10.663;1.540;3.125;10.475;1.104;20;5.219;23.195;689;46;4.871;1.472;2.509;41;241;104;189;315;-;9.335;414;6.851;2.070;510;14.762;92.332;932;19.285
;;09774 GUENZBURG;11.563;11.085;142;336;1.703;88.620;29.252;44.294;12.636;2.438;4.091;13.182;1.420;25;9.878;30.127;681;165;6.902;1.981;3.738;46;337;138;197;462;3;9.917;538;6.875;2.504;809;17.793;117.976;907;22.814
;;09775 NEU-ULM;14.784;14.388;169;227;2.249;114.586;40.947;53.679;16.934;3.026;5.799;15.965;2.289;34;11.008;39.752;635;139;7.303;2.027;3.755;63;448;286;182;541;1;6.544;689;4.219;1.636;603;14.589;143.959;798;22.356
;;09776 LINDAU (BODENSEE);9.053;8.829;115;109;1.284;54.118;19.221;25.177;8.193;1.527;2.711;11.559;1.647;10;5.504;18.951;649;66;3.554;1.206;1.872;33;137;36;87;179;4;5.080;82;3.865;1.133;284;8.984;72.155;865;9.775
;;09777 OSTALLGAEU;14.512;13.772;300;440;2.078;96.686;34.804;45.424;13.502;2.956;3.877;19.225;2.836;29;8.878;31.853;665;60;6.811;2.112;3.783;52;240;71;142;403;8;16.815;472;13.117;3.226;657;24.343;135.541;932;25.174
;;09778 UNTERALLGAEU;15.190;14.487;242;461;2.091;104.406;36.491;50.550;14.673;2.692;4.792;15.591;1.974;33;9.377;34.037;696;134;7.498;1.994;4.227;48;324;96;192;615;2;16.264;346;12.258;3.660;824;24.720;144.316;962;26.685
;;09779 DONAU-RIES;12.718;12.182;184;352;1.707;95.459;30.367;48.680;13.807;2.605;3.775;13.908;1.717;26;8.911;30.233;696;142;6.627;1.988;3.454;63;331;135;191;462;3;14.227;538;10.829;2.860;839;21.835;130.012;948;25.530
;;09780 OBERALLGAEU;16.147;15.597;226;324;2.314;105.272;39.105;49.362;13.711;3.094;4.108;27.028;3.431;6;10.700;36.034;662;265;7.614;2.428;4.105;87;294;107;197;393;3;12.982;273;10.565;2.144;746;21.607;143.026;900;22.957
;RB ZUSAMMEN;;164.044;158.155;2.555;3.334;23.195;1.226.274;425.342;587.643;178.843;34.446;56.267;201.176;27.354;384;127.729;410.998;630;1.946;87.005;26.077;46.041;756;4.245;1.842;2.725;5.279;40;117.020;5.053;87.407;24.560;8.530;214.501;1.604.819;825;255.718
BAYERN INSGESAMT;;;1.061.079;1.021.507;14.427;25.145;146.729;8.365.523;2.720.157;4.140.061;1.234.777;270.528;394.918;1.444.042;169.858;3.054;1.083.475;2.737.792;626;14.766;587.382;188.012;307.283;5.324;28.182;11.037;15.915;31.357;272;725.355;33.911;549.429;142.015;61.732;1.389.235;10.815.837;809;1.531.444
BERLIN                     ;;11000 BERLIN;120.600;118.043;1.714;843;16.350;1.244.061;478.100;558.073;171.688;36.200;46.305;149.807;19.029;1.328;193.065;416.727;331;2.431;118.034;46.418;54.250;1.813;4.859;3.021;2.582;5.052;39;7.448;3.769;3.344;335;9.478;137.391;1.502.052;400;101.706
BERLIN INSGESAMT;;;120.600;118.043;1.714;843;16.350;1.244.061;478.100;558.073;171.688;36.200;46.305;149.807;19.029;1.328;193.065;416.727;331;2.431;118.034;46.418;54.250;1.813;4.859;3.021;2.582;5.052;39;7.448;3.769;3.344;335;9.478;137.391;1.502.052;400;101.706
BRANDENBURG;;12051 BRANDENBURG/HAVEL,STADT;2.663;2.606;14;43;335;35.183;14.349;16.237;3.856;741;736;3.820;514;5;3.636;12.719;478;44;3.208;1.408;1.430;88;94;29;47;112;-;452;171;266;15;276;3.980;41.826;568;7.491
;;12052 COTTBUS, STADT;3.711;3.645;14;52;375;48.621;18.953;23.581;5.430;657;850;5.210;505;34;5.540;18.051;489;138;4.655;2.032;2.099;100;152;79;86;106;1;782;167;550;65;415;5.990;58.322;586;8.247
;;12053 FRANKFURT/ODER,STADT;2.177;2.135;17;25;252;28.253;11.666;13.369;2.880;338;494;3.168;245;25;3.080;10.402;485;38;3.608;1.120;2.067;118;72;25;106;99;1;605;207;368;30;278;4.529;34.959;600;4.365
;;12054 POTSDAM,STADT;6.284;6.171;58;55;876;76.804;30.399;35.162;9.334;1.909;2.355;8.886;1.317;24;9.043;27.762;413;174;5.794;2.494;2.744;72;199;60;71;150;4;485;100;374;11;460;6.913;90.001;485;8.432
;;12060 BARNIM;13.030;12.728;131;171;1.802;110.690;43.382;50.948;13.981;2.379;2.675;13.235;2.171;50;6.713;43.543;577;234;11.083;4.588;5.281;198;388;155;182;286;5;2.669;537;1.971;161;756;14.742;138.462;722;27.320
;;12061 DAHME-SPREEWALD;12.065;11.786;101;178;1.740;109.136;41.179;51.558;14.052;2.347;2.879;13.546;1.688;47;9.780;42.660;610;208;12.128;4.651;5.881;291;537;179;239;350;-;4.668;792;3.514;362;962;17.966;139.167;778;30.269
;;12062 ELBE-ELSTER;6.710;6.461;37;212;828;63.724;23.523;32.514;7.040;647;1.070;7.295;664;35;4.608;24.214;632;135;7.446;3.093;3.456;221;215;108;162;189;2;5.151;260;4.439;452;715;13.447;83.881;831;20.532
;;12063 HAVELLAND;11.135;10.837;120;178;1.677;97.976;38.156;44.825;12.639;2.356;3.076;11.990;1.797;35;6.271;38.278;579;140;9.860;3.809;4.749;180;309;184;226;401;2;2.685;415;2.138;132;861;13.546;122.657;724;26.442
;;12064 MAERKISCH-ODERLAND;14.645;14.259;153;233;2.144;121.488;46.903;57.371;15.038;2.176;2.702;14.601;2.076;40;8.909;47.476;607;167;13.913;5.475;6.583;275;456;186;261;671;6;4.040;537;3.302;201;1.146;19.266;155.399;776;31.312
;;12065 OBERHAVEL;15.408;15.043;163;202;2.276;126.219;49.316;57.640;16.447;2.816;3.856;14.954;2.284;45;7.743;49.880;578;132;12.725;5.269;5.818;228;463;189;277;479;2;3.320;703;2.426;191;884;17.061;158.688;726;31.267
;;12066 OBERSPREEWALD-LAUSITZ;6.574;6.381;40;153;770;65.275;24.573;33.209;6.859;634;1.000;6.918;704;38;5.441;25.088;603;44;6.629;2.703;3.025;161;224;98;172;239;7;3.222;322;2.516;384;721;10.616;82.465;762;18.935
;;12067 ODER-SPREE;11.172;10.896;79;197;1.485;109.632;42.919;51.505;13.325;1.883;2.423;13.814;1.764;64;7.714;43.618;601;155;11.784;4.764;5.686;214;365;155;200;396;4;4.207;584;3.367;256;949;17.095;137.899;756;28.743
;;12068 OSTPRIGNITZ-RUPPIN;6.284;6.066;29;189;835;59.485;22.662;28.890;7.137;796;1.147;7.203;1.013;35;5.366;23.261;596;145;7.476;3.176;3.461;158;205;88;170;218;-;3.634;221;3.157;256;718;11.973;77.742;778;22.972
;;12069 POTSDAM-MITTELMARK;14.673;14.261;115;297;1.993;133.323;50.092;62.166;17.553;3.512;4.804;16.994;2.508;60;9.970;52.025;599;293;14.122;5.718;6.854;244;491;210;240;363;2;5.217;503;4.328;386;1.278;20.910;168.906;759;32.869
;;12070 PRIGNITZ;4.075;3.906;22;147;511;46.133;16.593;23.285;5.754;501;821;5.901;727;27;4.661;17.455;607;100;5.894;2.540;2.811;75;180;60;82;140;6;3.834;256;3.379;199;666;10.494;60.702;798;17.055
;;12071 SPREE-NEISSE;7.607;7.381;47;179;911;71.257;26.902;35.055;8.518;782;1.335;8.493;832;39;4.694;28.059;633;100;8.137;3.276;3.682;242;302;147;180;301;7;4.065;446;3.259;360;771;13.073;91.937;817;21.906
;;12072 TELTOW-FLAEMING;12.767;12.460;119;188;1.783;109.099;42.681;50.715;13.255;2.448;3.157;12.970;1.641;53;10.137;41.642;618;180;12.528;4.712;5.858;252;458;337;324;581;6;4.061;986;2.799;276;1.843;18.612;140.478;795;26.702
;;12073 UCKERMARK;7.421;7.192;40;189;1.035;68.684;26.093;33.992;7.733;866;1.044;8.779;847;51;4.790;25.505;583;175;7.395;3.207;3.328;131;188;111;143;282;5;4.563;428;3.946;189;917;13.050;89.155;757;21.754
BRANDENBURG INSGESAMT;;;158.401;154.214;1.299;2.888;21.628;1.480.982;570.341;702.022;180.831;27.788;36.424;177.777;23.297;707;118.096;571.638;576;2.602;158.385;64.035;74.813;3.248;5.298;2.400;3.168;5.363;60;57.660;7.635;46.099;3.926;14.616;233.263;1.872.646;728;386.613
BREMEN                    ;;04011 BREMEN, STADT;17.682;17.304;196;182;2.197;248.315;90.809;115.794;35.663;6.049;10.013;28.808;5.021;99;36.417;80.971;436;397;16.942;6.557;8.017;232;650;438;474;568;6;3.274;1.863;1.110;301;1.953;22.566;288.563;507;30.847
;;04012 BREMERHAVEN,STADT;3.364;3.280;34;50;418;52.362;21.090;23.416;6.819;1.037;1.709;5.124;807;41;6.238;17.666;453;105;3.801;1.308;1.976;34;250;56;61;116;-;553;329;200;24;303;4.762;60.488;524;6.508
BREMEN INSGESAMT;;;21.046;20.584;230;232;2.615;300.677;111.899;139.210;42.482;7.086;11.722;33.932;5.828;140;42.655;98.637;439;502;20.743;7.865;9.993;266;900;494;535;684;6;3.827;2.192;1.310;325;2.256;27.328;349.051;510;37.355
HAMBURG                          ;;02000 HAMBURG;60.385;59.267;583;535;8.025;813.109;292.434;368.228;122.167;30.280;43.955;109.682;18.909;688;172.362;253.397;430;2.524;66.299;25.317;32.169;844;3.064;1.699;1.266;1.930;10;8.388;3.926;4.057;405;5.738;82.949;956.443;505;79.050
HAMBURG INSGESAMT;;;60.385;59.267;583;535;8.025;813.109;292.434;368.228;122.167;30.280;43.955;109.682;18.909;688;172.362;253.397;430;2.524;66.299;25.317;32.169;844;3.064;1.699;1.266;1.930;10;8.388;3.926;4.057;405;5.738;82.949;956.443;505;79.050
HESSEN;RB DARMSTADT;06411 DARMSTADT,STADT;5.722;5.584;86;52;710;73.615;25.699;35.326;9.829;2.761;3.513;9.193;1.258;40;13.368;23.924;454;148;4.615;1.732;2.357;44;224;85;66;107;-;678;138;473;67;383;5.824;85.161;525;4.922
;;06412 FRANKFURT AM MAIN,STADT;24.605;23.943;458;204;3.186;342.708;105.946;172.998;50.997;12.767;16.154;59.562;2.813;299;97.646;93.825;443;734;26.625;10.385;13.917;343;921;273;350;431;5;1.988;469;1.282;237;2.568;31.915;399.228;516;16.280
;;06413 OFFENBACH AM MAIN,STADT;4.383;4.254;90;39;594;59.721;19.485;29.349;9.094;1.793;2.410;8.341;464;44;10.392;18.163;445;81;4.166;1.478;2.172;34;153;69;59;199;2;478;320;137;21;203;4.928;69.032;515;3.534
;;06414 WIESBADEN,STADT;12.172;11.850;192;130;1.667;243.431;84.489;105.626;25.651;27.665;9.298;36.914;6.336;137;121.928;48.451;860;363;23.280;6.616;14.881;160;551;198;318;552;4;2.575;1.021;1.214;340;3.386;29.604;285.207;1.008;15.952
;;06431 BERGSTRASSE;19.499;18.951;276;272;2.658;177.569;62.700;82.952;26.841;5.076;10.449;26.022;3.150;76;15.531;64.775;645;274;12.287;4.159;6.335;130;741;256;217;445;4;6.578;514;4.841;1.223;1.083;20.222;217.290;790;24.737
;;06432 DARMSTADT-DIEBURG;20.517;19.975;295;247;2.872;190.695;69.273;88.630;27.126;5.666;10.230;24.741;3.324;43;16.164;70.118;634;137;12.504;4.116;6.283;131;851;359;320;443;1;6.043;935;4.071;1.037;828;19.512;230.724;767;25.397
;;06433 GROSS-GERAU;16.910;16.459;255;196;2.116;159.377;58.247;74.106;22.954;4.070;7.423;19.700;2.083;45;18.701;53.463;569;288;11.843;3.538;6.174;106;727;252;516;523;7;3.348;912;2.035;401;773;16.252;192.539;687;17.565
;;06434 HOCHTAUNUSKREIS;13.292;12.950;176;166;1.820;166.027;52.989;81.039;26.199;5.800;11.993;30.410;1.953;60;33.765;53.139;693;59;9.603;3.051;5.127;97;476;77;253;519;3;3.538;432;2.251;855;711;13.911;193.230;807;13.843
;;06435 MAIN-KINZIG-KREIS;25.797;24.795;459;543;3.404;266.094;94.186;127.530;37.924;6.454;13.067;36.946;3.949;106;21.683;95.628;618;314;18.319;6.098;9.241;217;1.095;423;462;779;4;10.669;1.034;7.794;1.841;1.629;30.931;322.822;749;36.018
;;06436 MAIN-TAUNUS-KREIS;13.155;12.859;182;114;1.736;188.186;67.126;91.926;23.931;5.203;9.787;26.074;2.948;29;53.941;53.315;776;171;14.938;4.447;9.077;120;684;193;121;296;-;2.169;268;1.489;412;759;18.037;219.378;905;10.900
;;06437 ODENWALDKREIS;6.652;6.363;81;208;937;63.776;22.987;29.887;9.385;1.517;3.131;10.520;1.266;37;3.946;23.025;654;227;4.058;1.328;2.168;45;254;76;63;123;1;4.523;85;3.320;1.118;517;9.325;79.753;817;12.358
;;06438 OFFENBACH;19.835;19.315;358;162;2.628;222.172;76.885;107.620;32.175;5.492;12.294;30.920;2.645;55;29.691;77.830;614;183;13.933;5.181;7.005;182;682;272;290;318;3;2.333;525;1.450;358;833;17.282;259.289;716;17.917
;;06439 RHEINGAU-TAUNUS-KREIS;14.011;13.545;173;293;1.942;123.849;44.706;57.232;17.988;3.923;8.060;19.929;2.116;47;8.019;46.334;653;87;6.872;2.632;3.496;66;291;80;100;205;2;5.500;102;4.233;1.165;796;13.255;151.115;797;17.116
;;06440 WETTERAUKREIS;19.108;18.471;274;363;2.688;198.272;68.039;96.215;28.424;5.594;9.988;28.624;2.978;56;16.892;72.130;625;235;12.969;4.504;6.607;147;702;199;245;562;3;9.343;499;6.645;2.199;1.099;23.646;241.026;760;29.167
;RB ZUSAMMEN;;215.658;209.314;3.355;2.989;28.958;2.475.492;852.757;1.180.436;348.518;93.781;127.797;367.896;37.283;1.074;461.667;794.120;606;3.301;176.012;59.265;94.840;1.822;8.352;2.812;3.380;5.502;39;59.763;7.254;41.235;11.274;15.568;254.644;2.945.794;721;245.706
;RB GIESSEN;06531 GIESSEN;14.639;14.126;186;327;2.093;158.338;55.018;76.981;21.887;4.452;7.417;20.826;2.695;67;13.998;57.962;568;294;11.443;3.622;6.021;119;550;164;303;657;7;6.597;752;4.531;1.314;1.046;19.380;192.357;690;23.596
;;06532 LAHN-DILL-KREIS;16.543;15.978;212;353;2.055;167.002;59.312;80.386;23.200;4.104;8.157;26.092;2.724;49;13.844;59.066;649;200;10.769;3.405;5.695;96;603;282;278;409;1;7.624;631;4.942;2.051;939;19.532;203.077;789;28.132
;;06533 LIMBURG-WEILBURG;12.175;11.682;175;318;1.672;115.510;40.903;55.199;16.084;3.324;6.202;16.870;1.818;62;9.719;40.682;660;232;8.299;2.476;4.495;89;518;119;198;403;1;5.287;411;3.961;915;754;14.572;142.257;813;19.146
;;06534 MARBURG-BIEDENKOPF;15.033;14.504;178;351;1.860;146.736;55.311;68.740;18.821;3.864;6.784;20.162;2.307;127;10.965;52.542;588;395;8.456;3.070;4.154;81;418;134;212;377;10;10.005;432;7.510;2.063;857;19.713;181.482;727;23.746
;;06535 VOGELSBERGKREIS;8.639;8.128;100;411;1.073;73.441;26.356;35.719;9.672;1.694;3.039;11.142;1.287;11;4.799;25.573;687;147;5.004;1.708;2.486;70;309;92;115;223;1;10.112;248;8.295;1.569;709;15.972;98.052;918;17.834
;RB ZUSAMMEN;;67.029;64.418;851;1.760;8.753;661.027;236.900;317.025;89.664;17.438;31.599;95.092;10.831;316;53.325;235.825;619;1.268;43.971;14.281;22.851;455;2.398;791;1.106;2.069;20;39.625;2.474;29.239;7.912;4.305;89.169;817.225;766;112.454
;RB KASSEL;06611 KASSEL,STADT;6.358;6.146;99;113;857;91.870;33.574;42.253;12.866;3.177;4.326;11.985;1.832;49;14.019;29.754;450;121;7.670;2.512;3.562;87;320;161;225;800;3;1.105;340;686;79;622;9.518;107.746;528;9.632
;;06631 FULDA;18.040;17.248;198;594;2.262;147.651;49.912;72.809;20.491;4.439;6.652;21.631;2.698;117;12.773;47.911;649;289;10.843;3.125;5.807;126;638;196;270;679;2;13.424;691;9.892;2.841;974;25.530;191.221;841;28.678
;;06632 HERSFELD-ROTENBURG;9.303;8.828;79;396;1.087;80.667;26.858;40.755;11.281;1.773;3.405;11.634;1.245;38;5.425;26.682;664;57;5.837;1.867;2.651;48;258;83;118;812;-;7.819;506;5.635;1.678;751;14.464;104.434;859;17.417
;;06633 KASSEL, LAND;16.069;15.413;219;437;2.166;153.772;57.830;69.608;21.167;5.167;8.110;20.161;3.680;21;9.487;54.647;639;146;9.554;3.206;4.661;98;504;237;179;667;2;8.312;1.078;5.555;1.679;826;18.838;188.679;784;29.703
;;06634 SCHWALM-EDER-KREIS;14.519;13.812;165;542;1.877;121.864;43.605;58.595;16.155;3.509;5.666;16.686;2.464;67;6.646;42.664;667;243;7.037;2.435;3.289;74;397;173;230;436;3;10.944;884;7.752;2.308;900;19.124;155.507;852;28.352
;;06635 WALDECK-FRANKENBERG;12.097;11.553;119;425;1.607;107.365;38.671;52.005;13.808;2.881;4.280;16.066;1.704;61;7.830;37.026;675;246;7.248;2.313;3.874;99;290;116;163;390;3;11.237;428;8.456;2.353;753;19.484;138.946;873;23.487
;;06636 WERRA-MEISSNER-KREIS;7.529;7.000;78;451;926;63.690;23.158;30.873;8.171;1.488;2.698;8.739;1.300;38;3.790;22.758;636;120;4.000;1.499;1.948;47;218;47;91;149;1;6.270;230;4.950;1.090;494;10.884;82.103;819;14.122
;RB ZUSAMMEN;;83.915;80.000;957;2.958;10.782;766.879;273.608;366.898;103.939;22.434;35.137;106.902;14.923;391;59.970;261.442;621;1.222;52.189;16.957;25.792;579;2.625;1.013;1.276;3.933;14;59.111;4.157;42.926;12.028;5.320;117.842;968.636;784;151.391
HESSEN INSGESAMT;;;366.602;353.732;5.163;7.707;48.493;3.903.398;1.363.265;1.864.359;542.121;133.653;194.533;569.890;63.037;1.781;574.962;1.291.387;611;5.791;272.172;90.503;143.483;2.856;13.375;4.616;5.762;11.504;73;158.499;13.885;113.400;31.214;25.193;461.655;4.731.655;740;509.551
MECKLENBURG-VORPOMMERN;;13003 ROSTOCK, STADT;5.354;5.238;51;65;669;86.409;34.005;41.382;9.376;1.646;1.718;8.794;1.546;56;9.705;29.796;412;136;6.566;2.974;2.979;96;168;91;127;125;6;1.191;785;388;18;554;8.447;100.210;477;23.278
;;13004 SCHWERIN, STADT;2.485;2.441;21;23;318;44.731;17.351;21.721;4.887;772;839;4.778;822;42;6.055;15.357;454;58;3.669;1.497;1.857;47;73;50;59;86;-;305;68;224;13;1.045;5.077;52.293;530;6.147
;;13071 MECKLENBURGISCHE SEENPLA;14.953;14.438;110;405;1.805;146.981;55.205;72.668;17.513;1.595;2.377;18.827;2.384;108;10.806;55.342;566;325;17.492;7.252;8.382;272;441;236;290;612;7;7.928;1.182;6.517;229;1.708;27.453;189.387;730;45.628
;;13072 ROSTOCK;12.346;12.001;96;249;1.423;129.829;46.205;64.616;16.883;2.125;2.895;17.174;2.402;74;10.808;48.846;588;231;15.947;6.667;7.561;191;500;190;356;476;6;7.017;1.210;5.614;193;1.555;24.750;166.925;756;38.344
;;13073 VORPOMMERN-RUEGEN;11.932;11.557;115;260;1.428;126.499;49.090;60.139;15.539;1.731;2.821;16.892;2.468;92;10.935;48.077;556;257;13.976;6.302;6.354;240;317;221;201;340;1;5.104;556;4.396;152;1.312;20.649;159.080;699;35.707
;;13074 NORDWESTMECKLENBURG;9.576;9.313;78;185;1.239;92.624;35.775;44.172;11.159;1.518;2.067;11.156;1.768;58;6.123;36.011;578;223;9.894;4.570;4.500;132;263;107;105;213;4;4.730;460;4.027;243;917;15.764;117.964;736;25.089
;;13075 VORPOMMERN-GREIFSWALD;13.624;13.258;97;269;1.646;127.358;48.294;62.100;15.553;1.411;2.112;16.496;1.785;104;8.467;48.961;537;353;13.237;6.035;6.003;233;337;148;137;342;2;5.794;516;5.055;223;1.239;20.623;161.605;681;37.478
;;13076 LUDWIGSLUST-PARCHIM;13.324;12.879;76;369;1.625;129.841;47.295;64.756;16.286;1.504;2.589;15.803;2.337;79;7.844;49.607;606;295;14.612;5.904;6.983;227;368;225;323;579;3;8.993;1.012;7.493;488;1.456;25.356;168.521;787;46.405
MECKLENBURG-VORPOMMERN INSGESAMT;;;83.594;81.125;644;1.825;10.153;884.272;333.220;431.554;107.196;12.302;17.418;109.920;15.512;613;70.743;331.997;543;1.878;95.393;41.201;44.619;1.438;2.467;1.268;1.598;2.773;29;41.062;5.789;33.714;1.559;9.786;148.119;1.115.985;685;258.076
NIEDERSACHSEN;RB BRAUNSCHWEIG;03101 BRAUNSCHWEIG,STADT;11.275;11.050;121;104;1.467;147.626;52.741;71.815;15.000;8.070;5.915;17.402;2.462;99;37.500;42.703;586;208;8.644;3.185;4.269;269;409;95;142;272;3;1.496;605;775;116;786;11.134;170.035;675;13.933
;;03102 SALZGITTER,STADT;4.554;4.416;57;81;543;56.799;21.413;27.479;6.926;981;2.358;6.205;764;36;3.654;18.828;543;124;3.028;1.198;1.416;37;135;37;71;131;3;1.040;294;624;122;320;4.512;65.865;630;8.546
;;03103 WOLFSBURG,STADT;6.200;6.010;110;80;671;124.762;42.320;63.224;7.452;11.766;3.642;15.264;2.267;52;67.332;20.272;990;140;3.389;1.522;1.569;82;104;36;35;40;1;1.003;55;810;138;458;4.990;135.952;1.079;7.293
;;03151 GIFHORN;13.100;12.677;178;245;1.644;111.624;41.421;53.399;13.186;3.618;4.904;13.287;2.722;40;5.489;38.490;619;166;6.624;2.674;3.301;72;268;74;77;156;2;6.892;297;5.407;1.188;794;14.476;139.200;772;27.774
;;03153 GOSLAR;8.466;8.250;87;129;1.162;80.872;31.743;37.670;9.599;1.860;3.569;10.738;1.426;49;6.237;29.298;601;96;5.149;1.774;2.653;55;247;65;98;255;2;2.708;433;1.892;383;609;8.562;97.900;727;14.757
;;03154 HELMSTEDT;6.402;6.231;69;102;810;57.307;22.609;26.912;6.216;1.570;2.495;6.238;1.236;33;3.140;20.272;620;138;3.043;1.192;1.500;37;99;59;43;111;2;2.473;209;1.913;351;452;6.106;69.815;755;11.665
;;03155 NORTHEIM;9.700;9.355;71;274;1.414;89.949;33.817;42.803;10.813;2.516;3.659;11.204;1.543;53;8.162;31.482;675;119;5.812;2.146;3.038;52;229;55;106;186;-;6.621;377;5.090;1.154;797;13.349;112.998;848;18.398
;;03157 PEINE;9.266;8.993;139;134;1.298;87.413;33.196;40.645;10.891;2.681;4.005;9.461;1.572;32;4.628;31.959;629;132;4.813;1.793;2.332;70;227;71;103;216;1;3.327;419;2.413;495;530;8.802;105.481;759;17.925
;;03158 WOLFENBUETTEL;8.584;8.380;75;129;1.182;76.758;30.661;34.823;8.941;2.333;3.724;8.167;1.552;22;4.019;28.592;637;123;4.095;1.697;1.924;68;152;30;47;174;3;2.733;236;2.074;423;472;7.423;92.765;770;14.113
;;03159 GOETTINGEN;17.744;17.152;170;422;2.488;186.314;69.709;87.394;24.063;5.148;8.048;23.930;3.578;136;15.231;67.036;567;305;12.189;4.601;5.780;165;548;192;346;552;5;9.547;833;7.089;1.625;1.423;23.464;227.522;693;32.051
;RB ZUSAMMEN;;95.291;92.514;1.077;1.700;12.679;1.019.424;379.630;486.164;113.087;40.543;42.319;121.896;19.122;552;155.392;328.932;633;1.551;56.786;21.782;27.782;907;2.418;714;1.068;2.093;22;37.840;3.758;28.087;5.995;6.641;102.818;1.217.533;756;166.455
;RB HANNOVER;03241 HANNOVER;53.931;52.715;604;612;7.075;598.580;216.776;280.345;83.128;18.331;28.121;73.645;11.055;380;73.470;204.381;510;1.030;42.709;15.823;21.378;449;1.786;960;814;1.490;9;13.531;2.760;8.978;1.793;4.990;62.260;714.771;609;91.155
;;03251 DIEPHOLZ;14.487;14.061;117;309;2.055;146.202;51.373;68.257;22.349;4.223;6.243;17.942;2.896;59;12.144;52.172;656;206;11.576;3.982;5.788;122;480;129;350;717;8;12.817;2.397;8.747;1.673;1.291;25.890;186.579;837;40.700
;;03252 HAMELN-PYRMONT;9.224;8.955;85;184;1.230;94.244;34.920;44.297;12.605;2.422;4.444;11.287;1.718;64;5.565;34.899;626;176;5.627;2.250;2.669;62;283;95;81;185;2;3.878;222;2.866;790;608;10.289;113.757;755;18.427
;;03254 HILDESHEIM;15.692;15.292;171;229;2.128;164.325;65.370;74.978;19.629;4.348;7.078;18.264;2.819;24;11.204;60.721;590;268;9.921;3.740;5.053;99;428;133;178;288;2;6.009;525;4.410;1.074;1.096;17.294;197.311;709;27.131
;;03255 HOLZMINDEN;4.615;4.441;44;130;644;45.839;17.210;21.577;6.173;879;1.975;6.004;868;24;2.917;15.928;646;73;2.946;937;1.602;34;117;33;67;155;1;3.007;267;2.063;677;450;6.476;56.930;803;10.820
;;03256 NIENBURG(WESER);8.249;7.930;80;239;1.153;80.057;27.304;38.903;11.809;2.041;2.847;9.858;1.530;52;6.157;28.910;648;273;6.490;2.214;3.373;128;294;102;94;283;2;8.262;979;6.022;1.261;899;15.924;104.230;844;25.484
;;03257 SCHAUMBURG;10.198;9.958;94;146;1.481;104.603;39.434;48.131;14.100;2.938;5.030;11.811;1.976;46;5.896;39.073;654;135;6.217;2.249;3.102;45;351;74;120;271;5;4.444;606;3.027;811;757;11.553;126.354;790;22.917
;RB ZUSAMMEN;;116.396;113.352;1.195;1.849;15.766;1.233.850;452.387;576.488;169.793;35.182;55.738;148.811;22.862;649;117.353;436.084;566;2.161;85.486;31.195;42.965;939;3.739;1.526;1.704;3.389;29;51.948;7.756;36.113;8.079;10.091;149.686;1.499.932;688;236.634
;RB LUENEBURG;03351 CELLE;11.708;11.301;111;296;1.670;113.078;40.390;53.695;16.118;2.875;4.639;13.806;2.478;56;8.036;41.821;621;150;8.358;2.966;4.355;139;364;132;154;244;4;5.431;410;4.411;610;1.049;14.988;139.774;768;28.979
;;03352 CUXHAVEN;13.257;12.789;101;367;1.771;128.846;48.106;60.502;17.621;2.617;5.049;14.744;3.143;60;6.454;47.535;640;111;9.375;3.913;4.470;207;304;71;123;283;4;10.789;449;9.220;1.120;1.083;21.358;163.461;812;35.366
;;03353 HARBURG;17.965;17.484;187;294;2.465;172.406;60.517;79.170;27.629;5.090;9.636;23.570;5.187;46;14.880;64.506;658;110;12.131;4.464;6.149;170;473;189;238;437;11;8.112;1.067;6.000;1.045;1.127;21.480;211.851;809;40.418
;;03354 LUECHOW-DANNENBERG;3.756;3.591;38;127;555;31.794;11.078;15.337;4.635;744;1.079;3.951;1.010;15;1.814;12.387;647;117;2.686;1.214;1.252;26;83;11;22;76;2;4.311;171;3.464;676;354;7.468;43.018;875;12.546
;;03355 LUENEBURG;11.624;11.373;88;163;1.562;108.062;40.344;49.317;14.773;3.628;4.940;12.582;3.271;40;10.389;40.705;576;207;7.692;2.946;3.894;109;246;90;91;315;1;4.654;515;3.643;496;1.100;13.653;133.339;711;23.805
;;03356 OSTERHOLZ;7.003;6.788;84;131;1.002;74.994;28.211;33.810;10.852;2.121;3.466;8.354;1.847;20;3.670;28.452;643;170;4.696;1.774;2.417;84;196;53;73;99;-;4.259;157;3.658;444;654;9.779;91.776;787;17.253
;;03357 ROTENBURG(WUEMME);11.634;11.240;81;313;1.806;120.788;39.209;61.727;16.365;3.487;4.101;14.486;2.599;65;18.730;39.085;721;153;12.098;4.059;6.339;61;349;117;383;782;8;11.914;1.096;9.549;1.269;1.274;25.439;157.861;942;35.837
;;03358 HEIDEKREIS;9.630;9.278;103;249;1.370;90.978;30.926;44.041;13.919;2.092;3.335;11.466;2.075;50;5.242;33.063;626;132;7.365;2.582;3.892;98;275;70;138;309;1;6.926;497;5.471;958;907;15.330;115.938;797;25.168
;;03359 STADE;11.964;11.598;94;272;1.581;129.373;46.938;60.607;18.311;3.517;5.626;15.888;3.410;43;9.304;45.496;615;384;9.284;3.237;4.950;95;365;133;179;323;2;10.475;1.020;8.342;1.113;936;21.079;162.416;772;32.095
;;03360 UELZEN;6.160;5.971;42;147;875;58.570;22.915;26.531;7.515;1.609;2.317;6.912;1.284;35;3.281;21.684;621;45;4.188;1.686;2.153;41;119;25;41;122;1;4.446;254;3.758;434;581;9.260;73.990;784;16.898
;;03361 VERDEN;8.210;7.962;99;149;1.099;89.382;32.158;42.006;12.785;2.433;4.080;11.163;1.976;35;7.224;32.759;634;83;6.636;2.467;3.402;102;224;65;122;250;4;5.411;703;3.924;784;657;12.787;110.379;783;22.702
;RB ZUSAMMEN;;112.911;109.375;1.028;2.508;15.756;1.118.271;400.792;526.743;160.523;30.213;48.268;136.922;28.280;465;89.024;407.493;636;1.662;84.509;31.308;43.273;1.132;2.998;956;1.564;3.240;38;76.728;6.339;61.440;8.949;9.722;172.621;1.403.803;799;291.067
;RB WESER-EMS;03401 DELMENHORST,STADT;3.170;3.088;36;46;443;43.155;16.632;19.644;6.035;844;1.605;4.233;680;15;3.822;15.255;551;60;2.603;1.035;1.293;37;93;49;28;67;1;556;195;313;48;185;3.404;49.729;634;6.068
;;03402 EMDEN,STADT;2.302;2.231;25;46;323;25.562;10.727;11.251;2.858;726;843;2.189;677;20;2.316;8.639;506;97;1.633;704;736;20;83;21;28;41;-;463;132;298;33;132;2.325;30.189;597;4.531
;;03403 OLDENBURG(OLDENB),STADT;6.650;6.547;52;51;957;91.033;34.433;41.179;11.932;3.489;3.624;8.740;2.327;50;12.451;33.231;527;143;5.788;2.355;2.749;76;231;114;92;168;3;765;193;478;94;499;7.195;104.878;607;12.212
;;03404 OSNABRUECK,STADT;6.027;5.877;62;88;845;88.940;32.616;41.898;11.249;3.177;3.963;9.625;1.477;79;16.004;29.445;531;150;7.166;2.891;3.347;73;241;103;219;291;1;1.476;610;760;106;765;9.557;104.524;625;10.777
;;03405 WILHELMSHAVEN,STADT;3.682;3.614;43;25;520;40.236;17.272;17.308;5.011;645;1.515;3.490;840;17;3.013;14.292;529;61;2.675;1.160;1.242;35;89;21;58;68;2;388;41;311;36;225;3.349;47.267;621;5.472
;;03451 AMMERLAND;7.546;7.338;64;144;1.167;82.681;29.968;38.397;11.936;2.380;3.880;9.162;2.021;34;6.943;30.431;645;165;7.878;2.947;3.978;99;324;88;146;287;9;6.519;536;5.254;729;621;15.183;105.410;822;21.923
;;03452 AURICH;13.237;12.873;145;219;1.973;121.071;46.635;55.553;15.869;3.014;4.257;12.013;3.525;54;8.800;42.516;630;233;10.972;4.344;5.453;178;342;111;180;359;5;8.985;393;7.167;1.425;774;20.964;155.272;808;32.573
;;03453 CLOPPENBURG;8.475;8.034;108;333;1.148;107.599;30.156;54.753;19.523;3.167;3.604;14.760;1.723;54;9.111;35.988;606;183;11.869;3.938;6.057;239;439;173;345;659;19;10.785;1.393;8.643;749;1.128;23.965;140.039;788;31.684
;;03454 EMSLAND;18.474;17.742;179;553;2.314;212.442;67.510;108.487;29.343;7.102;6.670;25.504;4.192;83;21.103;68.370;628;368;20.398;7.524;10.311;173;698;227;440;1.016;9;19.506;2.768;15.338;1.400;1.794;42.066;272.982;808;68.164
;;03455 FRIESLAND;6.883;6.701;69;113;1.117;67.916;26.063;30.771;9.344;1.738;3.092;6.675;1.954;36;4.224;25.428;677;47;4.430;1.904;1.966;37;152;72;58;237;4;3.511;264;2.736;511;416;8.404;83.203;830;15.447
;;03456 GRAFSCHAFT BENTHEIM;7.455;7.215;70;170;914;88.266;28.001;44.311;12.973;2.981;3.065;10.917;2.004;25;8.438;28.619;625;101;7.706;2.950;3.968;78;213;89;138;265;5;6.725;788;5.323;614;666;15.198;110.919;785;23.909
;;03457 LEER;10.972;10.658;120;194;1.814;107.352;39.251;50.470;15.119;2.512;3.746;10.317;2.849;38;6.646;38.138;616;140;8.700;3.381;4.051;82;318;148;163;551;6;7.419;738;5.696;985;598;16.857;135.181;775;27.953
;;03458 OLDENBURG(OLDENBURG);8.496;8.262;70;164;1.193;87.011;30.821;40.196;13.475;2.519;3.949;10.068;2.268;26;6.707;32.084;650;67;6.573;2.299;3.374;59;236;98;134;372;1;6.862;834;4.982;1.046;663;14.165;109.672;819;24.190
;;03459 OSNABRUECK;21.395;20.673;202;520;2.884;237.836;84.753;112.767;33.001;7.315;9.840;27.269;4.227;67;17.366;84.129;649;454;18.651;6.344;9.380;180;872;312;412;1.143;8;17.329;1.768;13.328;2.233;1.481;37.915;297.146;811;55.179
;;03460 VECHTA;7.076;6.820;53;203;906;92.039;27.448;46.020;15.085;3.486;3.284;12.489;1.075;38;10.549;29.497;626;315;8.960;2.985;4.474;86;443;122;210;631;9;8.040;2.126;5.195;719;947;18.262;117.377;799;25.178
;;03461 WESERMARSCH;4.745;4.575;65;105;716;54.644;19.955;25.615;7.860;1.214;2.151;5.989;1.349;26;3.351;19.371;610;134;4.694;1.899;2.203;32;145;113;106;195;1;4.586;486;3.533;567;407;9.821;69.210;773;17.777
;;03462 WITTMUND;4.042;3.907;41;94;625;37.613;14.328;17.575;4.994;716;1.357;3.837;940;33;2.070;13.745;645;79;3.339;1.525;1.511;45;114;21;40;80;3;4.255;110;3.478;667;265;7.938;49.593;850;11.121
;RB ZUSAMMEN;;140.627;136.155;1.404;3.068;19.859;1.585.396;556.569;756.195;225.607;47.025;60.445;177.277;34.128;695;142.914;549.178;612;2.797;134.035;50.185;66.093;1.529;5.033;1.882;2.797;6.430;86;108.170;13.375;82.833;11.962;11.566;256.568;1.982.591;765;394.158
NIEDERSACHSEN INSGESAMT;;;465.225;451.396;4.704;9.125;64.060;4.956.941;1.789.378;2.345.590;669.010;152.963;206.770;584.906;104.392;2.361;504.683;1.721.687;609;8.171;360.816;134.470;180.113;4.507;14.188;5.078;7.133;15.152;175;274.686;31.228;208.473;34.985;38.020;681.693;6.103.859;750;1.088.314
NORDRHEIN-WESTFALEN;RB DUESSELDORF;05111 DUESSELDORF, STADT;25.255;24.597;429;229;3.076;324.497;102.318;161.613;48.826;11.740;17.761;51.313;3.729;283;92.850;92.403;516;750;23.036;11.677;9.217;305;732;299;461;341;4;1.783;572;1.079;132;5.342;30.911;380.663;605;17.991
;;05112 DUISBURG,STADT;19.668;19.229;272;167;2.604;240.058;99.395;105.876;30.442;4.345;9.700;22.650;2.833;104;20.813;83.682;478;279;15.090;4.897;7.465;236;909;305;328;940;10;2.695;1.901;675;119;1.235;19.299;279.025;556;23.031
;;05113 ESSEN,STADT;23.468;22.917;308;243;3.233;298.115;120.518;134.575;35.026;7.996;14.928;34.356;3.645;166;43.507;103.405;510;476;19.884;7.843;9.904;261;757;229;321;563;6;2.098;867;1.064;167;1.583;24.041;345.624;591;22.385
;;05114 KREFELD,STADT;9.896;9.589;199;108;1.405;123.105;48.750;55.235;16.148;2.972;6.654;14.115;1.973;53;14.260;44.010;539;153;7.577;2.771;3.954;96;330;127;150;146;3;1.702;910;680;112;477;9.909;142.910;626;18.156
;;05116 MOENCHENGLADBACH,STADT;11.529;11.224;185;120;1.735;144.388;57.637;64.587;18.590;3.574;8.389;15.387;2.083;57;15.910;51.547;538;317;10.164;4.016;4.738;151;521;144;195;397;2;1.706;523;1.010;173;538;12.725;168.642;628;13.900
;;05117 MUELHEIM A.D.RUHR,STADT;8.077;7.900;96;81;1.071;95.520;37.826;42.330;12.905;2.459;6.307;11.765;1.518;48;9.927;35.837;554;36;5.531;1.934;2.790;73;257;103;137;232;5;668;226;385;57;379;6.614;110.211;639;7.885
;;05119 OBERHAUSEN,STADT;9.824;9.600;127;97;1.311;114.152;48.540;49.594;13.668;2.350;5.608;10.808;1.461;42;9.381;41.562;541;214;6.852;2.374;3.667;94;342;70;88;216;1;722;353;316;53;492;8.280;132.256;627;9.800
;;05120 REMSCHEID,STADT;6.028;5.820;103;105;813;64.384;25.874;28.735;8.140;1.635;3.486;9.640;915;31;7.330;22.147;572;102;4.319;1.606;2.185;34;224;80;84;103;3;796;268;448;80;252;5.469;75.881;674;6.203
;;05122 SOLINGEN,STADT;9.749;9.519;118;112;1.434;93.921;37.917;40.500;12.572;2.932;5.718;12.189;1.652;30;9.778;33.877;585;123;5.511;2.109;2.867;51;247;60;83;92;2;718;115;497;106;298;6.650;110.320;687;8.429
;;05124 WUPPERTAL,STADT;17.911;17.457;249;205;2.563;180.171;70.857;81.809;22.803;4.702;9.696;23.474;2.738;88;22.571;61.368;502;378;10.908;4.170;5.215;166;513;207;263;369;5;1.484;479;853;152;694;13.464;211.546;589;14.149
;;05154 KLEVE;16.184;15.645;258;281;2.420;202.477;72.290;95.346;29.807;5.034;9.197;23.054;4.784;61;15.524;73.249;634;205;14.357;4.968;7.235;193;789;246;352;567;7;9.373;1.519;7.073;781;1.219;25.154;243.815;764;38.650
;;05158 METTMANN;28.326;27.644;409;273;4.080;302.902;114.597;137.821;40.505;9.979;17.611;39.385;5.185;111;40.377;108.255;618;171;21.105;7.496;10.502;345;1.195;450;477;633;7;3.412;1.003;2.110;299;1.475;26.163;357.391;730;27.109
;;05162 NEUSS;25.710;25.092;398;220;3.492;280.984;105.161;128.684;39.240;7.899;16.461;34.908;4.323;96;30.463;100.803;614;346;20.389;6.120;8.577;209;3.608;392;386;1.081;16;5.372;1.532;3.329;511;1.169;27.276;333.970;730;28.284
;;05166 VIERSEN;17.452;16.927;259;266;2.628;193.869;75.209;86.538;26.847;5.275;11.376;21.125;4.338;79;16.883;74.196;644;272;15.015;4.793;7.647;223;860;409;339;728;16;6.278;1.348;4.418;512;1.476;23.041;234.362;779;34.068
;;05170 WESEL;26.835;26.155;368;312;3.899;295.713;116.416;131.780;39.373;8.144;15.266;31.753;5.879;97;20.862;111.499;635;597;17.991;6.065;9.684;203;822;221;319;669;8;7.695;1.615;5.290;790;1.732;28.015;350.563;753;44.191
;RB ZUSAMMEN;;255.912;249.315;3.778;2.819;35.764;2.954.256;1.133.305;1.345.023;394.892;81.036;158.158;355.922;47.056;1.346;370.436;1.037.840;562;4.419;197.729;72.839;95.647;2.640;12.106;3.342;3.983;7.077;95;46.502;13.231;29.227;4.044;18.361;267.011;3.477.179;661;314.231
;RB KOELN;05314 BONN,STADT;12.175;11.905;159;111;1.723;175.674;58.242;89.720;21.325;6.387;8.891;19.996;2.385;91;41.519;54.727;522;315;88.571;54.069;26.954;3.362;969;1.421;1.111;649;36;842;162;546;134;1.633;91.361;279.210;830;12.432
;;05315 KOELN,STADT;43.830;42.807;647;376;5.894;497.572;182.722;230.410;69.788;14.652;27.441;62.464;8.941;266;98.015;160.509;459;1.045;38.482;13.635;20.216;532;1.731;635;685;1.018;30;3.453;1.775;1.399;279;2.607;45.587;586.989;541;33.022
;;05316 LEVERKUSEN,STADT;8.070;7.892;115;63;1.031;92.468;35.215;42.828;11.838;2.587;4.396;11.607;1.373;64;12.193;31.945;558;262;5.616;2.141;2.696;58;328;110;85;192;6;887;212;544;131;458;7.223;107.761;650;7.876
;;05334 AACHEN, STAEDTEREGION;27.431;26.757;304;370;3.803;303.123;121.342;133.547;38.597;9.637;17.855;34.079;5.567;155;35.015;106.853;539;580;18.523;6.922;8.975;236;814;265;379;923;9;6.181;1.771;3.758;652;1.387;26.671;357.225;635;38.693
;;05358 DUEREN;17.870;17.407;202;261;2.620;169.370;65.450;76.539;22.293;5.088;9.942;18.756;3.200;84;12.530;62.159;625;494;11.351;3.965;5.941;153;489;143;241;414;5;6.136;920;4.358;858;990;18.971;206.211;761;28.999
;;05362 RHEIN-ERFT-KREIS;27.980;27.241;443;296;3.918;290.833;114.155;130.324;38.749;7.605;17.270;32.118;5.134;93;26.123;106.867;608;460;21.364;7.090;10.656;212;1.240;448;642;1.064;12;5.087;1.607;3.006;474;1.384;28.295;347.108;726;31.943
;;05366 EUSKIRCHEN;13.468;12.947;178;343;1.841;159.209;55.128;75.342;20.478;8.261;7.616;25.430;2.818;53;37.150;47.424;807;279;12.514;3.445;7.434;69;722;186;224;426;8;8.738;764;6.446;1.528;770;22.301;194.978;988;28.548
;;05370 HEINSBERG;15.979;15.488;258;233;2.409;168.682;62.945;77.103;24.157;4.477;9.481;19.258;3.429;50;13.090;61.087;644;356;11.136;3.692;5.952;122;515;125;191;535;4;5.879;795;4.391;693;815;18.186;202.847;775;32.406
;;05374 OBERBERGISCHER KREIS;17.656;16.992;213;451;2.449;184.007;70.269;84.179;24.506;5.053;9.386;27.216;3.584;77;16.884;65.197;668;418;12.003;4.292;6.077;132;636;169;267;424;6;8.942;486;6.677;1.779;840;22.203;223.866;813;29.960
;;05378 RHEIN.-BERGISCHER KREIS;19.705;19.233;215;257;2.851;185.153;70.723;82.062;26.078;6.290;12.178;24.737;3.964;83;17.082;70.372;647;188;10.540;3.849;5.515;107;511;141;169;244;4;4.088;286;3.041;761;735;15.551;220.409;770;22.497
;;05382 RHEIN-SIEG-KREIS;38.635;37.562;525;548;5.422;376.565;143.872;171.136;51.493;10.064;23.280;45.408;7.180;180;29.548;139.997;619;526;24.343;9.340;11.899;255;1.237;393;440;772;7;10.955;1.101;7.976;1.878;1.709;37.533;452.733;744;50.485
;RB ZUSAMMEN;;242.799;236.231;3.259;3.309;33.961;2.602.656;980.063;1.193.190;349.302;80.101;147.736;321.069;47.575;1.196;339.149;907.137;575;4.923;254.443;112.440;112.315;5.238;9.192;4.036;4.434;6.661;127;61.188;9.879;42.142;9.167;13.328;333.882;3.179.337;702;316.861
;RB MUENSTER;05512 BOTTROP,STADT;6.777;6.641;72;64;912;70.305;29.204;30.644;8.858;1.599;3.650;7.046;954;21;5.020;26.156;595;118;3.868;1.208;2.011;68;293;88;107;93;-;868;286;494;88;285;5.139;82.221;696;6.419
;;05513 GELSENKIRCHEN,STADT;9.860;9.564;169;127;1.271;125.879;51.639;56.255;15.603;2.382;5.027;12.139;1.229;93;11.972;43.513;479;404;8.465;2.939;4.411;178;494;110;121;210;2;1.171;683;435;53;553;10.593;146.332;556;9.778
;;05515 MUENSTER,STADT;11.204;10.974;140;90;1.606;151.904;54.039;70.989;20.844;6.032;7.536;17.360;3.791;91;27.362;52.067;473;262;12.461;4.725;6.187;143;573;153;238;438;4;2.459;443;1.739;277;776;15.958;179.066;558;17.890
;;05554 BORKEN;18.696;18.124;234;338;2.556;236.064;82.030;113.056;32.202;8.776;9.213;26.949;5.068;88;27.440;76.924;623;402;20.215;5.688;11.493;185;989;289;480;1.084;7;14.725;2.648;10.607;1.470;1.993;37.335;292.095;771;54.030
;;05558 COESFELD;13.551;13.153;154;244;1.893;144.619;51.707;68.389;19.600;4.923;6.510;16.108;3.804;63;12.371;51.681;644;283;9.982;2.929;5.322;122;521;167;316;602;3;9.072;919;6.886;1.267;1.119;20.456;178.626;795;30.789
;;05562 RECKLINGHAUSEN;34.783;34.074;377;332;5.080;363.312;148.733;161.409;45.285;7.885;17.697;36.825;5.892;138;22.757;136.098;586;595;19.359;6.702;10.159;246;921;266;408;648;9;6.235;1.825;3.803;607;1.523;27.712;425.807;687;43.096
;;05566 STEINFURT;24.481;23.714;254;513;3.354;284.045;101.394;134.676;38.131;9.844;11.155;31.213;6.485;111;27.554;97.023;622;484;20.481;7.014;10.287;225;885;404;576;1.087;3;16.243;2.600;11.636;2.007;1.777;38.985;347.511;761;63.454
;;05570 WARENDORF;15.461;15.060;164;237;2.106;178.891;64.433;84.017;25.002;5.439;7.761;20.216;3.577;73;16.712;61.918;634;200;10.677;3.449;5.722;127;526;154;198;497;4;10.493;1.531;7.746;1.216;1.104;22.474;216.826;768;34.900
;RB ZUSAMMEN;;134.813;131.304;1.564;1.945;18.778;1.555.019;583.179;719.435;205.525;46.880;68.549;167.856;30.800;678;151.188;545.380;584;2.748;105.508;34.654;55.592;1.294;5.202;1.631;2.444;4.659;32;61.266;10.935;43.346;6.985;9.130;178.652;1.868.484;701;260.356
;RB DETMOLD;05711 BIELEFELD,STADT;13.351;13.059;124;168;1.818;180.639;66.688;82.558;24.151;7.242;7.792;19.986;3.185;76;26.101;61.951;534;274;11.779;4.294;5.612;137;532;318;348;535;3;2.070;606;1.249;215;839;14.962;208.952;618;17.786
;;05754 GUETERSLOH;20.313;19.785;209;319;2.564;239.412;84.087;112.573;34.920;7.832;11.142;28.082;4.221;75;25.721;83.416;645;444;18.957;6.636;9.235;216;953;344;709;861;3;11.020;2.674;6.936;1.410;1.335;31.756;291.481;785;46.308
;;05758 HERFORD;14.487;14.190;115;182;2.010;166.878;64.922;74.336;22.051;5.569;7.913;18.641;2.840;52;15.366;61.706;658;230;10.835;3.786;5.514;99;518;173;199;543;3;4.944;1.027;3.196;721;724;16.733;198.098;781;28.120
;;05762 HOEXTER;8.887;8.540;88;259;1.102;92.198;33.905;43.376;12.233;2.684;3.855;11.550;1.550;46;5.518;31.683;650;147;6.154;2.021;3.069;62;347;91;180;381;3;7.802;528;5.977;1.297;648;14.751;115.836;817;21.080
;;05766 LIPPE;20.196;19.656;180;360;2.702;221.464;82.059;101.452;31.408;6.545;10.691;25.765;4.548;78;20.292;81.101;632;465;13.750;5.164;6.802;169;611;202;340;459;3;7.457;980;5.289;1.188;1.126;22.798;264.458;754;40.075
;;05770 MINDEN-LUEBBECKE;17.557;17.056;157;344;2.406;209.191;75.924;97.286;29.551;6.430;8.959;24.329;3.407;74;18.336;74.883;662;221;16.314;5.237;7.153;182;963;393;769;1.614;3;10.660;1.437;7.501;1.722;1.785;28.980;255.728;809;42.182
;;05774 PADERBORN;16.252;15.762;168;322;2.090;190.624;66.890;90.084;26.280;7.370;8.091;22.553;3.479;78;18.233;65.153;608;313;13.174;4.224;6.833;153;711;329;317;599;8;9.745;1.559;6.761;1.425;1.070;24.302;231.178;737;32.790
;RB ZUSAMMEN;;111.043;108.048;1.041;1.954;14.692;1.300.406;474.475;601.665;180.594;43.672;58.443;150.906;23.230;479;129.567;459.893;624;2.094;90.963;31.362;44.218;1.018;4.635;1.850;2.862;4.992;26;53.698;8.811;36.909;7.978;7.527;154.282;1.565.731;751;228.341
;RB ARNSBERG;05911 BOCHUM,STADT;16.740;16.388;181;171;2.359;216.772;91.544;95.601;23.278;6.349;9.523;22.103;2.733;84;45.073;69.620;593;176;15.761;4.401;9.602;376;739;127;180;324;12;1.300;457;757;86;826;18.063;251.575;688;15.497
;;05913 DORTMUND,STADT;24.601;24.053;277;271;3.389;300.029;119.380;135.908;36.768;7.973;13.783;32.808;3.966;167;31.128;106.650;506;450;17.454;6.189;8.386;311;864;456;434;811;3;2.587;1.413;1.021;153;1.157;21.648;346.278;584;27.801
;;05914 HAGEN,STADT;9.391;9.148;117;126;1.320;100.433;40.894;45.201;12.356;1.982;4.799;11.842;1.315;67;9.318;34.782;529;269;5.979;2.139;2.875;64;282;116;186;316;1;1.321;590;613;118;523;8.092;117.916;621;8.910
;;05915 HAMM,STADT;7.831;7.635;90;106;984;100.690;39.589;45.789;12.851;2.461;4.425;10.527;1.530;42;8.242;35.752;557;225;5.857;1.763;2.959;63;336;110;222;403;1;2.012;501;1.270;241;396;8.490;117.011;647;14.180
;;05916 HERNE,STADT;6.799;6.642;77;80;994;79.465;33.839;35.262;9.103;1.261;3.535;7.055;852;43;6.163;28.904;505;183;5.250;2.019;2.639;51;299;69;78;90;5;398;167;210;21;391;6.222;92.486;588;6.495
;;05954 ENNEPE-RUHR-KREIS;22.476;21.987;232;257;3.490;202.989;83.307;88.929;25.451;5.302;12.303;26.216;3.736;128;17.888;76.919;624;376;11.635;4.053;5.710;153;707;225;313;468;6;3.786;720;2.586;480;866;16.663;242.128;745;22.883
;;05958 HOCHSAUERLANDKREIS;15.184;14.615;174;395;1.958;172.894;64.478;82.299;21.139;4.978;7.136;27.729;3.176;83;15.947;57.949;661;433;12.341;3.924;6.325;157;568;280;329;750;8;10.557;1.065;8.023;1.469;1.106;24.437;212.515;812;34.343
;;05962 MAERKISCHER KREIS;23.607;22.892;288;427;3.390;257.669;103.197;116.253;32.419;5.800;13.194;36.310;4.458;104;19.956;91.044;628;517;14.798;5.295;6.995;163;830;273;509;729;4;6.813;1.063;4.827;923;1.274;23.402;304.678;742;32.792
;;05966 OLPE;8.444;8.197;73;174;1.010;92.332;35.466;43.366;10.983;2.517;3.990;15.625;1.366;37;9.728;29.901;687;102;7.466;2.156;4.212;75;375;83;194;367;4;5.447;557;4.004;886;520;13.535;114.311;850;16.351
;;05970 SIEGEN-WITTGENSTEIN;15.778;15.334;159;285;2.003;179.773;71.517;82.130;21.392;4.734;8.094;28.091;2.881;82;20.996;58.861;649;246;11.119;3.485;5.669;119;641;242;304;654;5;9.803;1.107;6.457;2.239;923;22.091;217.642;785;29.385
;;05974 SOEST;18.063;17.610;165;288;2.480;196.858;73.138;91.418;25.867;6.435;9.077;23.036;3.953;71;14.886;71.129;643;252;11.984;3.778;6.463;117;614;260;280;469;3;9.500;1.577;6.865;1.058;1.295;23.031;237.952;777;38.095
;;05978 UNNA;22.866;22.360;261;245;3.387;244.986;97.489;111.016;29.980;6.501;11.855;25.691;4.437;110;19.370;90.784;614;283;13.414;4.438;6.566;249;817;355;394;590;5;4.178;1.040;2.695;443;1.112;18.987;286.839;719;31.793
;RB ZUSAMMEN;;191.780;186.861;2.094;2.825;26.764;2.144.890;853.838;973.172;261.587;56.293;101.714;267.033;34.403;1.018;218.695;752.295;596;3.512;133.058;43.640;68.401;1.898;7.072;2.596;3.423;5.971;57;57.702;10.257;39.328;8.117;10.389;204.661;2.541.331;706;278.525
NORDRHEIN-WESTFALEN INSGESAMT;;;936.347;911.759;11.736;12.852;129.959;10.557.227;4.024.860;4.832.485;1.391.900;307.982;534.600;1.262.786;183.064;4.717;1.209.035;3.702.545;582;17.696;781.701;294.935;376.173;12.088;38.207;13.455;17.146;29.360;337;280.356;53.113;190.952;36.291;58.735;1.138.488;12.632.062;696;1.398.314
RHEINLAND-PFALZ;RB KOBLENZ;07111 KOBLENZ,STADT;5.143;4.984;91;68;664;64.618;23.465;31.172;7.991;1.990;3.398;8.036;998;27;12.766;20.190;561;285;5.009;1.699;2.278;64;317;111;102;436;2;1.287;614;536;137;462;7.043;76.804;666;6.545
;;07131 AHRWEILER;9.331;8.938;102;291;1.300;87.236;32.506;40.875;11.862;1.993;5.131;11.944;1.572;51;6.733;31.036;681;225;6.786;2.405;3.454;69;349;79;124;306;-;6.246;504;4.195;1.547;613;13.870;110.437;862;16.581
;;07132 ALTENKIRCHEN(WESTWLD.);9.706;9.319;93;294;1.380;86.849;33.614;39.960;11.032;2.243;4.104;13.207;1.449;33;7.474;30.326;661;389;5.933;1.871;3.282;47;263;92;118;260;-;5.497;302;3.844;1.351;527;12.346;108.901;828;17.572
;;07133 BAD KREUZNACH;10.893;10.406;145;342;1.522;102.952;36.800;49.011;14.558;2.583;6.144;13.416;1.599;35;8.383;37.060;638;252;8.448;2.128;3.891;105;634;605;329;753;3;7.486;645;5.537;1.304;734;16.920;130.765;811;20.314
;;07134 BIRKENFELD;5.328;5.011;66;251;688;53.330;20.105;25.557;6.737;931;2.584;8.123;762;15;3.996;18.679;652;141;3.477;1.111;1.912;31;128;48;82;165;-;3.409;93;2.654;662;366;7.393;66.051;808;12.471
;;07135 COCHEM-ZELL;5.194;4.907;50;237;681;42.724;14.039;21.812;5.737;1.136;2.327;6.512;643;33;2.649;14.272;682;70;3.129;892;1.704;61;187;68;57;160;-;5.923;162;4.140;1.621;351;9.473;57.391;916;10.982
;;07137 MAYEN-KOBLENZ;14.762;14.158;234;370;1.982;143.227;52.098;68.294;19.103;3.732;8.601;19.424;2.177;41;11.541;50.338;656;134;10.240;3.279;5.218;96;509;319;276;537;6;7.013;889;4.843;1.281;760;18.147;176.136;807;25.997
;;07138 NEUWIED;12.813;12.363;168;282;1.782;124.067;44.529;58.995;17.528;3.015;7.171;17.428;2.190;13;11.704;43.573;662;131;8.945;3.137;4.559;76;451;107;182;430;3;5.888;724;3.921;1.243;738;15.702;152.582;814;21.962
;;07140 RHEIN-HUNSRUECK-KREIS;7.744;7.321;92;331;1.039;73.065;24.166;37.274;9.685;1.940;3.568;10.715;1.243;29;6.631;24.397;692;491;5.472;1.650;2.965;45;333;75;97;307;-;7.441;485;5.291;1.665;521;13.925;94.734;897;18.829
;;07141 RHEIN-LAHN-KREIS;9.569;9.136;118;315;1.329;81.914;30.824;38.289;10.675;2.126;4.382;11.262;1.557;14;5.452;29.491;659;104;5.330;1.811;2.886;65;259;46;84;176;3;5.146;120;3.715;1.311;574;11.154;102.637;825;15.682
;;07143 WESTERWALDKREIS;14.997;14.368;252;377;2.104;142.227;51.489;67.231;19.270;4.237;7.190;23.461;2.365;81;13.470;49.435;689;234;10.900;3.238;6.045;118;596;140;298;462;3;9.015;813;6.187;2.015;911;21.060;178.284;864;29.064
;RB ZUSAMMEN;;105.480;100.911;1.411;3.158;14.471;1.002.209;363.635;478.470;134.178;25.926;54.600;143.528;16.555;372;90.799;348.797;658;2.456;73.669;23.221;38.194;777;4.026;1.690;1.749;3.992;20;64.351;5.351;44.863;14.137;6.557;147.033;1.254.722;824;195.999
;RB TRIER;07211 TRIER-SAARBURG;17.918;17.193;248;477;2.352;158.089;51.913;79.753;21.478;4.945;8.846;23.033;2.354;83;12.967;56.172;594;301;10.660;3.672;5.390;130;571;161;207;525;4;10.559;371;7.510;2.678;944;22.464;198.471;746;26.912
;;07231 BERNKASTEL-WITTLICH;8.139;7.663;123;353;1.087;77.485;25.375;39.873;10.329;1.908;3.889;10.622;1.195;25;6.030;26.480;673;189;6.153;1.766;3.395;73;281;120;132;380;6;9.781;392;6.819;2.570;639;16.762;102.386;890;19.180
;;07232 EIFELKREIS BITBURG-PRUEM;8.500;7.916;113;471;1.041;69.962;19.726;37.819;10.580;1.837;3.195;12.312;1.018;30;5.239;23.987;675;201;5.861;1.993;2.978;52;289;85;87;374;3;11.023;273;9.029;1.721;714;17.799;96.261;929;18.520
;;07233 VULKANEIFEL;5.359;5.002;60;297;709;43.048;14.523;21.745;5.815;965;1.935;6.938;759;35;2.926;14.265;697;144;3.606;1.163;1.845;54;182;51;81;226;4;6.139;212;4.638;1.289;374;10.263;58.670;950;11.989
;RB ZUSAMMEN;;39.916;37.774;544;1.598;5.189;348.584;111.537;179.190;48.202;9.655;17.865;52.905;5.326;173;27.162;120.904;638;835;26.280;8.594;13.608;309;1.323;417;507;1.505;17;37.502;1.248;27.996;8.258;2.671;67.288;455.788;834;76.601
;RB RHEINHESSEN-PFALZ;07311 FRANKENTHAL(PFALZ),STADT;2.459;2.393;40;26;325;27.175;9.492;13.234;3.950;499;1.344;3.139;282;3;2.798;9.508;554;28;1.706;635;881;6;99;24;21;40;-;618;294;283;41;124;2.476;32.110;655;2.722
;;07312 KAISERSLAUTERN,STADT;3.785;3.669;64;52;477;50.144;18.236;23.888;6.445;1.575;2.620;6.105;580;48;5.857;17.131;495;110;3.164;1.234;1.500;61;194;36;52;86;1;542;72;387;83;298;4.114;58.043;573;5.067
;;07313 LANDAU I.D.PFALZ,STADT;2.686;2.639;28;19;416;28.423;10.462;13.139;3.908;914;1.588;3.175;570;9;3.859;10.453;597;-;1.944;639;941;31;186;28;58;61;-;858;65;658;135;185;2.987;34.096;716;3.333
;;07314 LUDWIGSHAFEN A.RH.,STADT;7.434;7.146;206;82;936;84.929;29.829;40.836;12.152;2.112;3.779;10.442;772;92;11.069;27.118;487;254;5.681;2.083;2.810;120;360;104;105;94;5;874;425;404;45;579;7.388;99.751;572;6.508
;;07315 MAINZ,STADT;7.966;7.753;131;82;1.073;101.507;35.806;48.604;14.034;3.063;5.403;13.080;1.497;158;16.212;33.832;460;1.281;5.985;2.158;2.903;114;308;103;143;255;1;1.137;254;738;145;897;9.300;118.773;539;7.009
;;07316 NEUSTADT A.D.WSTR.,STADT;3.062;2.984;39;39;424;33.647;11.606;15.915;5.054;1.072;2.221;4.065;605;4;3.818;12.080;623;4;2.481;806;1.273;19;147;18;51;166;1;1.173;94;904;175;183;3.841;40.550;751;4.034
;;07317 PIRMASENS,STADT;1.879;1.792;30;57;244;23.375;8.788;11.066;2.996;525;1.267;3.091;236;18;2.875;8.348;575;26;1.674;629;778;20;95;32;56;64;-;454;68;319;67;177;2.331;27.585;678;3.262
;;07318 SPEYER,STADT;2.885;2.792;63;30;419;29.961;10.627;14.007;4.537;790;1.712;3.569;558;7;3.973;11.071;583;13;1.923;667;958;44;92;36;38;87;1;307;91;158;58;171;2.414;35.260;686;3.337
;;07319 WORMS,STADT;4.310;4.147;78;85;543;46.529;16.997;21.533;6.963;1.036;2.460;5.407;595;15;4.638;15.801;550;23;3.289;1.087;1.692;48;197;72;70;123;-;1.362;341;869;152;268;4.942;55.781;659;6.245
;;07320 ZWEIBRUECKEN,STADT;2.039;1.976;17;46;309;21.826;8.074;10.363;2.827;562;1.044;2.713;305;22;2.184;7.856;632;25;1.467;539;733;20;73;26;39;36;1;601;124;399;78;237;2.330;26.195;759;3.698
;;07331 ALZEY-WORMS;10.066;9.720;125;221;1.449;88.345;30.959;41.803;13.099;2.484;4.996;10.693;1.560;10;5.735;32.086;667;29;6.140;1.877;3.388;100;335;91;133;215;1;7.395;245;6.425;725;584;14.148;112.559;849;15.823
;;07332 BAD DUERKHEIM;10.017;9.739;124;154;1.399;92.950;32.290;43.399;14.467;2.794;6.569;12.151;1.814;17;5.980;35.569;691;187;5.282;1.765;2.739;66;326;117;131;136;2;4.561;330;3.684;547;476;10.506;113.473;843;14.332
;;07333 DONNERSBERGKREIS;5.878;5.617;81;180;883;51.871;17.597;25.555;7.325;1.394;2.670;6.746;818;23;3.283;18.888;681;89;3.062;1.123;1.521;42;161;47;73;94;1;3.875;154;2.830;891;361;7.387;65.136;855;11.455
;;07334 GERMERSHEIM;9.473;9.240;154;79;1.435;85.226;28.998;40.848;13.070;2.310;4.209;9.887;1.387;22;6.274;30.404;652;82;5.714;1.977;2.676;61;330;113;155;400;2;4.526;741;2.689;1.096;490;10.812;105.511;807;16.213
;;07335 KAISERSLAUTERN;7.434;7.160;100;174;883;70.362;24.579;33.960;10.049;1.774;3.676;9.809;1.008;24;4.399;25.913;650;140;5.019;1.541;2.580;54;361;126;112;243;2;3.208;183;2.457;568;375;8.742;86.538;800;15.631
;;07336 KUSEL;5.383;5.098;60;225;755;48.063;17.709;23.353;6.139;862;2.378;6.686;839;13;1.754;17.826;673;19;2.571;918;1.337;37;148;25;43;61;2;3.728;39;2.804;885;281;6.599;60.045;840;12.367
;;07337 SUEDLICHE WEINSTRASSE;9.591;9.289;120;182;1.377;79.176;27.106;37.524;12.231;2.315;4.795;9.666;1.719;20;5.600;29.135;703;276;5.561;1.837;2.790;85;362;87;143;257;-;7.595;250;6.024;1.321;575;14.007;102.774;912;14.412
;;07338 RHEIN-PFALZ-KREIS;12.041;11.733;207;101;1.687;103.095;36.128;48.631;15.574;2.762;6.638;12.210;1.788;6;5.759;39.105;661;60;6.206;2.153;3.042;60;368;135;188;260;-;3.577;794;2.317;466;408;10.251;125.387;804;14.603
;;07339 MAINZ-BINGEN;15.245;14.776;213;256;2.071;144.871;49.794;69.314;21.233;4.530;8.619;17.820;2.583;23;17.024;51.375;674;111;8.421;2.896;4.493;66;505;107;142;210;2;7.700;450;5.993;1.257;743;16.975;177.091;824;20.433
;;07340 SUEDWESTPFALZ;8.377;8.011;87;279;1.153;68.213;24.177;33.442;9.053;1.541;3.804;9.973;1.254;18;3.408;25.288;719;171;4.014;1.493;2.002;36;230;40;94;118;1;4.707;153;3.497;1.057;255;9.147;85.737;903;15.351
;RB ZUSAMMEN;;132.010;127.674;1.967;2.369;18.258;1.279.688;449.254;610.414;185.106;34.914;71.792;160.427;20.770;552;116.499;458.787;612;2.928;81.304;28.057;41.037;1.090;4.877;1.367;1.847;3.006;23;58.798;5.167;43.839;9.792;7.667;150.697;1.562.395;748;195.835
RHEINLAND-PFALZ INSGESAMT;;;277.406;266.359;3.922;7.125;37.918;2.630.481;924.426;1.268.074;367.486;70.495;144.257;356.860;42.651;1.097;234.460;928.488;632;6.219;181.253;59.872;92.839;2.176;10.226;3.474;4.103;8.503;60;160.651;11.766;116.698;32.187;16.895;365.018;3.272.905;787;468.435
SAARLAND;;10041 SAARBRUECKEN,STADTVERB.;19.070;18.499;322;249;2.660;193.325;73.969;90.254;24.704;4.398;11.217;22.882;2.492;93;20.195;70.765;584;481;13.681;4.862;6.986;189;807;209;257;363;8;2.329;342;1.601;386;1.071;17.562;229.957;695;24.818
;;10042 MERZIG-WADERN;7.526;7.200;98;228;1.021;73.314;24.550;36.997;10.219;1.548;4.145;11.224;1.152;23;4.701;27.574;702;176;4.469;1.415;2.423;44;264;65;88;168;2;4.940;301;3.664;975;429;10.014;90.854;870;16.188
;;10043 NEUNKIRCHEN;8.885;8.559;151;175;1.277;87.218;34.505;40.500;10.402;1.811;4.809;10.714;1.217;11;6.286;33.061;659;155;5.611;1.754;3.052;98;296;67;117;225;2;1.990;152;1.449;389;358;8.114;104.217;788;15.729
;;10044 SAARLOUIS;13.735;13.275;179;281;1.722;135.263;50.991;64.117;17.128;3.027;7.647;15.923;1.853;42;9.173;50.862;691;204;8.195;2.746;4.121;83;445;121;284;393;2;4.130;489;2.911;730;780;13.309;162.307;829;22.523
;;10045 SAAR-PFALZ-KREIS;9.876;9.568;155;153;1.388;99.320;37.131;46.761;12.935;2.493;6.014;12.722;1.604;140;8.866;37.754;697;109;6.523;2.087;3.343;76;488;86;200;239;4;3.014;446;1.953;615;522;10.168;119.364;838;18.357
;;10046 SANKT WENDEL;7.614;7.331;86;197;974;63.118;23.524;30.355;7.728;1.511;3.344;8.915;1.124;24;4.677;22.939;726;25;3.637;1.250;1.854;47;206;50;56;162;12;3.770;167;2.698;905;320;7.752;78.484;903;14.312
SAARLAND INSGESAMT;;;66.706;64.432;991;1.283;9.042;651.558;244.670;308.984;83.116;14.788;37.176;82.380;9.442;333;53.898;242.955;656;1.150;42.116;14.114;21.779;537;2.506;598;1.002;1.550;30;20.173;1.897;14.276;4.000;3.480;66.919;785.183;791;111.927
SACHSEN;RB CHEMNITZ;14511 CHEMNITZ, STADT;9.514;9.294;81;139;1.051;126.100;53.386;57.801;12.356;2.557;2.380;16.016;1.515;174;17.273;44.202;507;177;11.036;4.619;4.958;204;364;162;263;463;3;1.426;429;944;53;973;13.612;149.226;600;13.810
;;14521 ERZGEBIRGSKREIS;23.601;23.055;99;447;2.283;202.867;89.280;92.929;18.249;2.409;3.138;41.616;2.212;33;17.081;74.090;617;415;20.609;8.688;9.101;668;704;299;491;654;4;8.523;729;7.194;600;1.536;31.083;257.551;783;37.480
;;14522 MITTELSACHSEN;19.952;19.439;115;398;2.074;180.182;75.570;84.497;17.939;2.176;3.225;24.668;2.282;61;15.982;66.606;599;409;19.420;7.720;8.679;448;895;393;531;751;3;8.743;943;7.298;502;1.666;30.238;230.372;766;41.062
;;14523 VOGTLANDKREIS;13.660;13.312;60;288;1.541;136.959;58.195;63.378;13.615;1.771;2.989;23.603;1.583;173;13.004;51.270;615;213;14.818;6.073;6.546;425;571;248;347;603;5;6.995;705;5.536;754;1.140;23.166;173.785;780;28.437
;;14524 ZWICKAU;18.469;18.057;102;310;1.942;186.771;81.463;85.149;17.144;3.015;3.932;23.240;2.196;16;17.391;69.593;601;331;18.688;7.537;8.264;509;658;314;480;925;1;6.149;1.585;4.125;439;1.370;26.538;231.778;746;31.928
;RB ZUSAMMEN;;85.196;83.157;457;1.582;8.891;832.879;357.894;383.754;79.303;11.928;15.664;129.143;9.788;457;80.731;305.761;590;1.545;84.571;34.637;37.548;2.254;3.192;1.416;2.112;3.396;16;31.836;4.391;25.097;2.348;6.685;124.637;1.042.712;739;152.717
;RB DRESDEN;14612 DRESDEN, STADT;17.824;17.406;221;197;2.119;229.949;88.782;111.092;25.637;4.438;5.444;26.989;4.068;202;32.690;76.018;408;392;20.847;8.890;9.398;403;737;354;440;622;3;1.478;398;991;89;1.856;24.573;272.346;483;23.892
;;14625 BAUTZEN;18.040;17.518;121;401;1.936;182.097;72.437;89.171;18.152;2.337;3.201;21.970;2.149;87;15.497;68.671;612;326;18.606;7.798;8.292;479;703;335;396;600;3;8.812;812;7.315;685;1.570;29.314;229.451;771;42.943
;;14626 GOERLITZ;14.201;13.879;67;255;1.565;143.753;59.539;68.772;14.105;1.337;2.242;17.233;1.622;98;12.525;53.677;576;332;14.217;6.304;6.006;350;553;201;306;493;4;6.900;925;5.470;505;1.420;22.869;180.823;724;33.152
;;14627 MEISSEN;13.167;12.831;88;248;1.405;141.129;55.088;68.282;15.854;1.905;3.116;15.994;1.964;90;12.728;52.014;585;231;15.955;6.384;6.948;410;605;306;445;848;9;5.500;929;4.144;427;1.374;23.060;177.356;735;31.654
;;14628 SAECHS.SCHWEIZ-OSTERZGEB;15.521;15.056;132;333;1.714;146.096;59.005;69.427;15.591;2.073;2.986;23.092;2.257;112;14.041;53.550;593;399;15.793;6.279;7.302;490;577;338;358;440;9;5.878;335;5.239;304;1.246;23.316;184.933;751;30.715
;RB ZUSAMMEN;;78.753;76.690;629;1.434;8.739;843.024;334.851;406.744;89.339;12.090;16.989;105.278;12.060;589;87.481;303.930;527;1.680;85.418;35.655;37.946;2.132;3.175;1.534;1.945;3.003;28;28.568;3.399;23.159;2.010;7.466;123.132;1.044.909;654;162.356
;RB LEIPZIG;14713 LEIPZIG, STADT;16.277;15.920;174;183;1.951;233.901;91.960;110.869;25.809;5.263;5.132;24.964;3.579;158;29.964;80.216;380;297;18.941;8.636;8.467;253;569;251;264;494;7;1.518;487;969;62;1.803;22.559;272.737;443;24.359
;;14729 LEIPZIG;15.762;15.319;105;338;1.775;157.285;61.762;75.846;16.951;2.726;3.731;17.515;2.009;77;13.990;60.661;604;272;17.010;7.188;7.578;302;633;351;392;558;8;6.184;1.070;4.641;473;1.251;24.717;197.764;759;39.145
;;14730 NORDSACHSEN;12.166;11.783;90;293;1.456;118.173;46.385;57.727;12.451;1.610;2.090;12.877;1.409;60;9.788;44.384;591;226;13.946;5.514;6.465;284;468;248;393;571;3;5.380;775;4.202;403;1.271;20.823;151.162;756;34.946
;RB ZUSAMMEN;;44.205;43.022;369;814;5.182;509.359;200.107;244.442;55.211;9.599;10.953;55.356;6.997;295;53.742;185.261;473;795;49.897;21.338;22.510;839;1.670;850;1.049;1.623;18;13.082;2.332;9.812;938;4.325;68.099;621.663;578;98.450
SACHSEN INSGESAMT;;;208.154;202.869;1.455;3.830;22.812;2.185.262;892.852;1.034.940;223.853;33.617;43.606;289.777;28.845;1.341;221.954;794.952;535;4.020;219.886;91.630;98.004;5.225;8.037;3.800;5.106;8.022;62;73.486;10.122;58.068;5.296;18.476;315.868;2.709.284;663;413.523
SACHSEN-ANHALT;;15001 DESSAU-ROSSLAU,STADT;3.105;3.041;22;42;392;41.614;17.316;19.615;3.963;720;834;4.260;484;73;3.972;15.695;522;31;3.294;1.353;1.510;73;135;59;61;101;2;782;355;388;39;288;4.395;49.114;617;6.593
;;15002 HALLE (SAALE),STADT;6.354;6.196;81;77;723;95.228;39.557;44.958;9.126;1.587;1.855;9.305;892;94;11.586;32.544;393;198;7.762;3.514;3.592;88;205;87;93;180;3;780;378;365;37;488;9.228;110.810;458;10.661
;;15003 MAGDEBURG, STADT;6.573;6.433;58;82;744;111.646;44.612;53.762;11.279;1.993;2.222;11.241;1.175;135;14.309;39.187;466;81;9.215;3.996;4.191;155;340;101;200;227;5;903;319;510;74;1.332;11.531;129.750;542;12.694
;;15081 ALTMARKKREIS SALZWEDEL;4.837;4.697;22;118;577;50.754;18.470;26.006;5.576;702;809;6.136;757;16;3.470;19.634;616;173;5.739;2.435;2.765;81;149;93;75;140;1;4.320;162;3.743;415;719;10.951;66.542;807;18.425
;;15082 ANHALT-BITTERFELD;8.072;7.831;52;189;918;92.908;38.497;44.234;9.127;1.050;1.731;9.959;847;52;7.990;35.404;591;357;9.164;3.836;3.962;197;349;146;354;317;3;3.346;651;2.507;188;920;13.787;114.767;730;22.484
;;15083 BOERDE;10.222;9.859;75;288;1.221;107.283;42.131;52.674;10.975;1.503;1.948;12.191;1.325;46;7.688;41.656;626;146;11.026;4.862;4.927;179;357;174;225;300;2;6.050;1.549;4.234;267;1.139;18.361;135.866;793;28.950
;;15084 BURGENLANDKREIS;10.258;9.913;54;291;1.225;102.578;42.303;49.557;9.531;1.187;1.826;12.117;1.004;41;8.205;38.684;579;182;10.567;4.482;4.577;265;395;156;310;381;1;5.564;757;4.408;399;1.041;17.354;130.190;735;22.629
;;15085 HARZ;10.777;10.376;62;339;1.200;123.841;50.712;58.958;12.286;1.885;2.403;15.988;1.681;56;9.909;46.817;589;242;12.091;5.524;5.027;252;433;196;234;421;4;4.905;814;3.798;293;919;18.157;152.775;726;27.349
;;15086 JERICHOWER LAND;5.424;5.261;35;128;712;54.716;20.788;26.767;6.389;772;1.193;6.472;684;34;4.357;21.308;606;119;6.045;2.610;2.693;91;213;98;144;192;4;3.025;643;2.255;127;742;9.931;70.071;776;17.148
;;15087 MANSFELD-SUEDHARZ;7.851;7.451;49;351;847;79.474;32.341;39.004;7.225;904;1.407;10.696;721;40;6.494;29.298;602;153;7.614;3.127;3.581;164;249;97;133;260;3;4.502;331;3.926;245;767;13.036;100.361;760;17.527
;;15088 SAALEKREIS;11.686;11.285;100;301;1.361;115.861;45.968;56.688;11.741;1.464;2.299;13.220;1.107;72;10.196;44.163;630;144;12.424;4.776;5.712;238;519;321;383;467;8;4.396;1.139;3.068;189;1.276;18.240;145.787;792;26.119
;;15089 SALZLANDKREIS;9.607;9.319;77;211;1.176;104.949;42.919;50.821;10.103;1.106;1.999;10.965;988;57;7.793;39.555;563;190;9.763;4.253;4.372;160;360;147;153;314;4;3.801;823;2.832;146;875;14.629;129.185;693;22.868
;;15090 STENDAL;5.565;5.347;25;193;703;63.745;23.312;32.835;6.808;790;1.114;7.471;771;57;5.606;24.059;578;232;7.550;3.581;3.214;108;217;55;127;246;2;4.171;312;3.658;201;808;12.761;82.071;744;20.319
;;15091 WITTENBERG;7.680;7.418;52;210;907;75.682;30.141;36.606;8.040;895;1.445;8.695;997;27;5.749;29.044;611;109;8.031;3.357;3.671;160;281;148;213;199;2;3.952;579;3.060;313;723;12.815;96.177;776;23.664
SACHSEN-ANHALT INSGESAMT;;;108.011;104.427;764;2.820;12.706;1.220.279;489.067;592.485;122.169;16.558;23.085;138.716;13.433;800;107.324;457.048;558;2.357;120.285;51.706;53.794;2.211;4.202;1.878;2.705;3.745;44;50.497;8.812;38.752;2.933;12.037;185.176;1.513.466;692;277.430
SCHLESWIG-HOLSTEIN  ;;01001 FLENSBURG,STADT;3.025;2.968;22;35;417;45.894;17.183;20.599;6.679;1.433;1.766;4.960;1.671;37;6.823;15.619;496;84;3.063;1.319;1.391;59;88;33;27;145;1;720;408;288;24;249;4.116;53.035;573;5.944
;;01002 KIEL,STADT;8.619;8.465;68;86;1.190;111.933;45.467;48.947;14.367;3.152;3.996;10.019;4.041;120;16.883;38.858;452;947;8.795;4.014;3.711;102;255;125;368;218;2;975;272;650;53;1.011;11.728;132.280;534;11.602
;;01003 LUEBECK,STADT;8.817;8.654;86;77;1.237;102.284;40.875;46.018;12.837;2.554;4.330;10.392;2.741;93;13.018;36.309;469;233;8.015;3.361;3.753;121;232;101;150;294;3;1.719;943;690;86;775;10.742;121.843;559;15.084
;;01004 NEUMUENSTER,STADT;3.530;3.432;44;54;472;43.584;16.671;19.791;5.764;1.358;1.915;4.354;978;26;5.981;15.112;548;71;3.930;1.261;2.021;58;130;75;71;314;-;805;392;362;51;396;5.202;52.316;658;7.607
;;01051 DITHMARSCHEN;8.499;8.156;79;264;1.291;84.280;29.535;39.388;13.273;2.084;3.433;9.808;2.483;222;5.510;30.749;623;99;7.321;2.908;3.728;48;212;55;104;260;6;8.482;1.195;6.332;955;939;16.841;109.620;810;25.565
;;01053 HERZOGTUM LAUENBURG;12.100;11.756;146;198;1.748;122.566;44.257;56.261;18.620;3.428;6.188;15.131;3.364;58;7.824;46.124;602;88;9.658;3.883;4.492;100;349;174;125;531;4;5.287;589;4.044;654;970;16.003;150.669;740;26.457
;;01054 NORDFRIESLAND;10.222;9.830;84;308;1.389;107.747;35.792;47.802;19.807;4.346;5.097;15.128;4.307;57;8.791;39.269;637;241;12.063;4.556;6.597;96;245;100;148;318;3;8.930;325;7.599;1.006;1.740;22.974;140.943;834;32.634
;;01055 OSTHOLSTEIN;13.735;13.288;148;299;1.982;131.749;50.923;58.031;19.424;3.371;7.258;16.228;4.247;82;9.382;50.908;647;70;9.880;4.158;4.807;97;263;89;203;258;5;6.115;612;4.697;806;1.070;17.135;162.619;799;28.407
;;01056 PINNEBERG;16.493;16.134;171;188;2.333;181.291;69.709;79.305;27.034;5.243;9.697;21.446;5.382;10;16.818;67.467;563;92;15.407;5.597;7.336;175;556;579;744;415;5;5.433;503;4.314;616;1.003;21.935;219.719;682;28.617
;;01057 PLOEN;8.356;8.117;59;180;1.204;82.810;32.235;35.967;12.085;2.523;3.911;9.303;3.263;29;4.848;32.362;631;135;6.213;2.393;3.301;62;144;57;91;165;-;4.560;293;3.673;594;710;11.618;102.784;783;18.521
;;01058 RENDSBURG-ECKERNFOERDE;17.135;16.581;165;389;2.375;180.083;64.312;83.042;26.848;5.881;8.246;20.287;6.544;12;13.164;67.289;646;135;14.714;5.214;7.859;220;465;175;229;548;4;11.011;649;8.959;1.403;1.635;27.495;224.713;805;42.015
;;01059 SCHLESWIG-FLENSBURG;13.355;12.865;93;397;1.871;134.148;45.107;62.413;22.426;4.202;5.922;16.056;5.489;44;9.706;49.334;651;186;11.404;4.738;5.562;92;303;106;182;416;5;11.273;1.406;8.579;1.288;1.153;24.016;171.519;832;40.236
;;01060 SEGEBERG;17.155;16.653;174;328;2.459;174.935;64.723;79.174;25.915;5.123;8.794;21.562;5.341;14;17.900;65.390;614;72;13.881;5.090;6.985;261;625;188;207;520;5;7.188;894;5.484;810;1.256;22.397;214.487;753;34.063
;;01061 STEINBURG;9.146;8.762;85;299;1.274;83.977;31.747;37.722;12.283;2.225;3.575;8.892;2.627;16;6.301;30.297;634;96;6.592;2.467;3.318;71;176;65;121;373;1;5.598;374;4.650;574;641;12.927;106.050;801;21.104
;;01062 STORMARN;14.295;14.007;119;169;2.011;156.588;55.921;71.568;23.950;5.149;9.145;20.155;4.316;68;19.083;56.802;631;38;13.850;4.747;7.373;169;685;243;250;375;8;4.794;911;3.360;523;1.519;20.201;191.084;771;25.873
SCHLESWIG-HOLSTEIN INSGESAMT;;;164.482;159.668;1.543;3.271;23.253;1.743.869;644.457;786.028;261.312;52.072;83.273;203.721;56.794;888;162.032;641.889;590;2.587;144.786;55.706;72.234;1.731;4.728;2.165;3.020;5.150;52;82.890;9.766;63.681;9.443;15.067;245.330;2.153.681;729;363.729
THÜRINGEN;;16051 ERFURT, STADT;8.250;8.044;82;124;1.049;98.440;37.902;47.701;10.602;2.235;2.178;13.053;1.414;71;13.004;33.451;458;76;9.304;3.917;4.083;246;399;135;224;297;3;1.386;281;1.029;76;1.318;12.084;118.774;553;12.176
;;16052 GERA, STADT;3.068;2.993;19;56;358;45.974;19.000;21.770;4.496;708;935;5.762;549;30;4.269;16.604;491;73;3.559;1.492;1.667;97;114;51;83;54;1;822;78;654;90;246;4.700;53.742;574;5.901
;;16053 JENA, STADT;3.304;3.238;21;45;395;44.862;16.815;22.557;4.492;998;760;6.178;736;21;5.517;14.933;403;71;3.153;1.512;1.246;77;120;77;68;52;1;562;37;483;42;289;4.075;52.241;470;4.640
;;16054 SUHL, STADT;1.807;1.757;16;34;173;19.690;8.100;9.257;1.998;335;391;4.015;302;9;1.721;7.168;532;42;1.649;616;837;38;58;25;33;42;-;468;33;404;31;132;2.291;23.788;643;3.065
;;16055 WEIMAR, STADT;2.269;2.223;19;27;273;30.160;12.091;14.245;3.082;742;716;3.690;462;17;3.525;11.012;460;47;2.174;948;1.024;44;71;31;35;21;-;357;24;296;37;174;2.752;35.181;536;3.483
;;16061 EICHSFELD;6.483;6.120;35;328;676;65.073;23.854;32.562;7.242;1.415;1.306;9.625;804;21;4.264;22.487;650;112;8.451;3.394;3.824;215;373;148;188;303;6;5.374;706;4.108;560;634;14.571;86.127;860;16.562
;;16062 NORDHAUSEN;4.240;4.076;19;145;501;47.278;18.594;23.170;4.839;675;1.019;6.475;570;20;4.026;17.346;573;93;4.153;1.642;1.944;142;170;63;72;118;2;2.673;217;2.311;145;510;7.429;58.947;715;11.332
;;16063 WARTBURGKREIS;9.354;8.899;65;390;976;95.582;37.892;45.973;10.296;1.421;2.053;15.090;1.551;41;7.183;34.932;599;185;8.314;3.217;3.983;216;345;96;114;338;5;6.121;414;4.952;755;796;15.416;120.352;754;21.527
;;16064 UNSTRUT-HAINICH-KREIS;5.123;4.869;37;217;570;53.537;20.421;26.416;5.772;928;1.166;7.297;712;28;3.713;19.086;524;131;6.895;3.027;2.950;135;263;90;158;269;3;3.442;320;2.765;357;559;11.027;69.687;681;13.801
;;16065 KYFFHAEUSERKREIS;4.741;4.484;25;232;507;44.131;17.707;21.733;4.217;474;743;5.608;465;8;2.861;16.327;599;88;4.112;1.799;1.831;127;163;43;67;81;1;3.525;137;3.100;288;461;8.186;57.058;774;10.578
;;16066 SCHMALKALDEN-MEININGEN;7.755;7.459;50;246;787;76.287;29.310;37.839;8.078;1.060;1.518;14.865;1.121;28;5.799;28.384;616;160;8.189;2.989;3.896;235;404;187;171;307;-;5.068;319;4.080;669;706;14.123;98.165;792;18.307
;;16067 GOTHA;7.051;6.776;67;208;780;76.707;29.603;37.614;8.256;1.234;1.761;11.281;1.141;33;6.110;28.611;568;132;7.925;3.094;3.576;270;362;92;198;330;3;3.521;311;2.879;331;749;12.327;96.085;712;17.122
;;16068 SOEMMERDA;4.249;4.000;39;210;491;40.606;16.047;19.788;4.218;553;753;5.069;476;25;2.717;15.144;583;75;4.882;2.016;2.193;117;212;85;76;181;2;2.750;164;2.359;227;429;8.136;52.991;761;10.590
;;16069 HILDBURGHAUSEN;5.865;5.685;33;147;402;39.167;15.206;19.706;3.732;523;651;6.900;492;9;2.167;15.112;632;87;4.145;1.659;1.882;133;200;63;106;102;-;3.660;95;2.993;572;357;8.249;53.281;860;11.373
;;16070 ILM-KREIS;5.737;5.565;35;137;706;58.980;23.452;28.217;6.192;1.119;1.075;9.967;813;26;4.568;21.629;552;104;5.776;2.325;2.770;151;217;58;97;154;4;2.853;259;2.348;246;512;9.245;73.962;693;12.315
;;16071 WEIMARER-LAND;5.501;5.298;43;160;603;49.340;19.850;23.563;5.097;830;991;6.756;723;14;3.201;18.839;593;122;6.190;2.477;2.889;167;255;127;116;157;2;3.495;144;2.995;356;449;10.256;65.097;783;11.987
;;16072 SONNEBERG;3.568;3.469;14;85;421;34.763;14.959;16.143;3.236;425;593;7.389;307;25;2.253;13.264;611;64;2.947;1.141;1.400;76;137;46;47;99;1;1.966;115;1.510;341;266;5.243;43.574;766;7.190
;;16073 SAALFELD-RUDOLSTADT;6.599;6.368;39;192;694;59.955;25.155;28.309;5.679;812;1.041;10.509;776;29;3.742;22.212;591;224;6.561;2.566;3.222;195;230;75;104;167;2;4.721;171;3.826;724;542;12.048;78.602;774;14.867
;;16074 SAALE-HOLZLANDKREIS;5.193;5.041;24;128;536;49.815;20.059;23.816;5.180;760;878;7.283;710;25;3.436;19.032;598;114;5.574;2.310;2.498;144;243;72;136;170;1;4.350;266;3.491;593;514;10.552;65.560;788;12.681
;;16075 SAALE-ORLA-KREIS;5.356;5.169;18;169;567;50.196;20.872;24.110;4.661;553;810;7.813;578;22;4.219;18.908;634;27;5.946;2.284;2.806;158;220;82;136;259;1;5.627;328;4.360;939;503;12.103;67.655;854;16.510
;;16076 GREIZ;6.321;6.101;35;185;679;59.909;24.871;28.235;6.079;724;1.239;8.648;775;16;4.291;23.143;622;112;7.422;2.933;3.335;206;303;137;234;272;2;4.379;325;3.579;475;702;12.615;78.845;818;15.095
;;16077 ALTENBURGER LAND;5.405;5.285;36;84;576;51.337;21.679;24.284;4.821;553;947;5.358;528;17;3.751;19.064;578;91;5.059;2.088;2.144;163;240;88;126;207;3;1.941;308;1.527;106;453;7.544;64.286;724;11.151
THÜRINGEN INSGESAMT;;;117.239;112.919;771;3.549;12.720;1.191.789;473.439;577.008;122.265;19.077;23.524;178.631;16.005;535;96.337;436.688;560;2.230;122.380;49.446;56.000;3.352;5.099;1.871;2.589;3.980;43;69.061;5.052;56.049;7.960;11.301;204.972;1.514.000;712;262.253
SONSTIGE;;;4.041;3.989;18;34;7;44.417;11.373;23.891;7.687;1.466;1.848;7.858;644;57;5.767;256;-;76;1.503;382;893;42;39;24;72;49;2;667;27;401;239;9.914;12.160;60.618;-;7.027
DEUTSCHLAND INSGESAMT;;;4.992.579;4.838.684;60.279;93.616;675.235;49.098.685;17.714.635;23.271.651;6.694.630;1.417.769;2.204.953;6.768.330;907.879;23.144;5.717.657;16.947.872;582;84.628;3.738.475;1.362.131;1.846.714;52.730;169.141;65.224;85.440;155.588;1.507;2.415.332;229.368;1.775.254;410.710;350.937;6.589.372;60.680.636;719;8.439.848
;;;;;;;;;;;;;;;;;;;;;;;;;;;;;;;;;;;;;;
"Hinweis zu ""Hubraum unbekannt"": Einschließlich Fahrzeuge mit Rotationskolbenmotor und Elektromotor.";;;;;;;;;;;;;;;;;;;;;;;;;;;;;;;;;;;;;;
© Kraftfahrt-Bundesamt, Flensburg;;;;;;;;;;;;;;;;;;;;;;;;;;;;;;;;;;;;;;
